[ 1032369ms] [INFO] %cDownload the React DevTools for a better development experience: https://react.dev/link/react-devtools font-weight:bold @ http://localhost:3100/_next/static/chunks/node_modules_next_dist_1e8vcs8._.js:776
[ 1032398ms] [LOG] [HMR] connected @ http://localhost:3100/_next/static/chunks/node_modules_next_dist_1e8vcs8._.js:776
[ 1032751ms] InvalidStateError: Failed to execute 'drawImage' on 'CanvasRenderingContext2D': The image argument is a canvas element with a width or height of 0.
    at HeroCanvas.useEffect.draw (http://localhost:3100/_next/static/chunks/_1zkdqd4._.js:175:25)
    at HeroCanvas.useEffect (http://localhost:3100/_next/static/chunks/_1zkdqd4._.js:242:13)
    at Object.react_stack_bottom_frame (http://localhost:3100/_next/static/chunks/node_modules_next_dist_compiled_react-dom_096_9a-._.js:14944:22)
    at runWithFiberInDEV (http://localhost:3100/_next/static/chunks/node_modules_next_dist_compiled_react-dom_096_9a-._.js:761:74)
    at commitHookEffectListMount (http://localhost:3100/_next/static/chunks/node_modules_next_dist_compiled_react-dom_096_9a-._.js:7082:167)
    at commitHookPassiveMountEffects (http://localhost:3100/_next/static/chunks/node_modules_next_dist_compiled_react-dom_096_9a-._.js:7117:60)
    at commitPassiveMountOnFiber (http://localhost:3100/_next/static/chunks/node_modules_next_dist_compiled_react-dom_096_9a-._.js:8519:33)
    at recursivelyTraversePassiveMountEffects (http://localhost:3100/_next/static/chunks/node_modules_next_dist_compiled_react-dom_096_9a-._.js:8506:316)
    at commitPassiveMountOnFiber (http://localhost:3100/_next/static/chunks/node_modules_next_dist_compiled_react-dom_096_9a-._.js:8580:17)
    at recursivelyTraversePassiveMountEffects (http://localhost:3100/_next/static/chunks/node_modules_next_dist_compiled_react-dom_096_9a-._.js:8506:316)
    at commitPassiveMountOnFiber (http://localhost:3100/_next/static/chunks/node_modules_next_dist_compiled_react-dom_096_9a-._.js:8580:17)
    at recursivelyTraversePassiveMountEffects (http://localhost:3100/_next/static/chunks/node_modules_next_dist_compiled_react-dom_096_9a-._.js:8506:316)
    at commitPassiveMountOnFiber (http://localhost:3100/_next/static/chunks/node_modules_next_dist_compiled_react-dom_096_9a-._.js:8580:17)
    at recursivelyTraversePassiveMountEffects (http://localhost:3100/_next/static/chunks/node_modules_next_dist_compiled_react-dom_096_9a-._.js:8506:316)
    at commitPassiveMountOnFiber (http://localhost:3100/_next/static/chunks/node_modules_next_dist_compiled_react-dom_096_9a-._.js:8518:17)
    at recursivelyTraversePassiveMountEffects (http://localhost:3100/_next/static/chunks/node_modules_next_dist_compiled_react-dom_096_9a-._.js:8506:316)
    at commitPassiveMountOnFiber (http://localhost:3100/_next/static/chunks/node_modules_next_dist_compiled_react-dom_096_9a-._.js:8580:17)
    at recursivelyTraversePassiveMountEffects (http://localhost:3100/_next/static/chunks/node_modules_next_dist_compiled_react-dom_096_9a-._.js:8506:316)
    at commitPassiveMountOnFiber (http://localhost:3100/_next/static/chunks/node_modules_next_dist_compiled_react-dom_096_9a-._.js:8580:17)
    at recursivelyTraversePassiveMountEffects (http://localhost:3100/_next/static/chunks/node_modules_next_dist_compiled_react-dom_096_9a-._.js:8506:316)
    at commitPassiveMountOnFiber (http://localhost:3100/_next/static/chunks/node_modules_next_dist_compiled_react-dom_096_9a-._.js:8518:17)
    at recursivelyTraversePassiveMountEffects (http://localhost:3100/_next/static/chunks/node_modules_next_dist_compiled_react-dom_096_9a-._.js:8506:316)
    at commitPassiveMountOnFiber (http://localhost:3100/_next/static/chunks/node_modules_next_dist_compiled_react-dom_096_9a-._.js:8523:17)
    at recursivelyTraversePassiveMountEffects (http://localhost:3100/_next/static/chunks/node_modules_next_dist_compiled_react-dom_096_9a-._.js:8506:316)
    at commitPassiveMountOnFiber (http://localhost:3100/_next/static/chunks/node_modules_next_dist_compiled_react-dom_096_9a-._.js:8518:17)
    at recursivelyTraversePassiveMountEffects (http://localhost:3100/_next/static/chunks/node_modules_next_dist_compiled_react-dom_096_9a-._.js:8506:316)
    at commitPassiveMountOnFiber (http://localhost:3100/_next/static/chunks/node_modules_next_dist_compiled_react-dom_096_9a-._.js:8523:17)
    at recursivelyTraversePassiveMountEffects (http://localhost:3100/_next/static/chunks/node_modules_next_dist_compiled_react-dom_096_9a-._.js:8506:316)
    at commitPassiveMountOnFiber (http://localhost:3100/_next/static/chunks/node_modules_next_dist_compiled_react-dom_096_9a-._.js:8518:17)
    at recursivelyTraversePassiveMountEffects (http://localhost:3100/_next/static/chunks/node_modules_next_dist_compiled_react-dom_096_9a-._.js:8506:316)
    at commitPassiveMountOnFiber (http://localhost:3100/_next/static/chunks/node_modules_next_dist_compiled_react-dom_096_9a-._.js:8518:17)
    at recursivelyTraversePassiveMountEffects (http://localhost:3100/_next/static/chunks/node_modules_next_dist_compiled_react-dom_096_9a-._.js:8506:316)
    at commitPassiveMountOnFiber (http://localhost:3100/_next/static/chunks/node_modules_next_dist_compiled_react-dom_096_9a-._.js:8518:17)
    at recursivelyTraversePassiveMountEffects (http://localhost:3100/_next/static/chunks/node_modules_next_dist_compiled_react-dom_096_9a-._.js:8506:316)
    at commitPassiveMountOnFiber (http://localhost:3100/_next/static/chunks/node_modules_next_dist_compiled_react-dom_096_9a-._.js:8580:17)
    at recursivelyTraversePassiveMountEffects (http://localhost:3100/_next/static/chunks/node_modules_next_dist_compiled_react-dom_096_9a-._.js:8506:316)
    at commitPassiveMountOnFiber (http://localhost:3100/_next/static/chunks/node_modules_next_dist_compiled_react-dom_096_9a-._.js:8518:17)
    at recursivelyTraversePassiveMountEffects (http://localhost:3100/_next/static/chunks/node_modules_next_dist_compiled_react-dom_096_9a-._.js:8506:316)
    at commitPassiveMountOnFiber (http://localhost:3100/_next/static/chunks/node_modules_next_dist_compiled_react-dom_096_9a-._.js:8518:17)
    at recursivelyTraversePassiveMountEffects (http://localhost:3100/_next/static/chunks/node_modules_next_dist_compiled_react-dom_096_9a-._.js:8506:316)
    at commitPassiveMountOnFiber (http://localhost:3100/_next/static/chunks/node_modules_next_dist_compiled_react-dom_096_9a-._.js:8518:17)
    at recursivelyTraversePassiveMountEffects (http://localhost:3100/_next/static/chunks/node_modules_next_dist_compiled_react-dom_096_9a-._.js:8506:316)
    at commitPassiveMountOnFiber (http://localhost:3100/_next/static/chunks/node_modules_next_dist_compiled_react-dom_096_9a-._.js:8580:17)
    at recursivelyTraversePassiveMountEffects (http://localhost:3100/_next/static/chunks/node_modules_next_dist_compiled_react-dom_096_9a-._.js:8506:316)
    at commitPassiveMountOnFiber (http://localhost:3100/_next/static/chunks/node_modules_next_dist_compiled_react-dom_096_9a-._.js:8580:17)
    at recursivelyTraversePassiveMountEffects (http://localhost:3100/_next/static/chunks/node_modules_next_dist_compiled_react-dom_096_9a-._.js:8506:316)
    at commitPassiveMountOnFiber (http://localhost:3100/_next/static/chunks/node_modules_next_dist_compiled_react-dom_096_9a-._.js:8518:17)
    at recursivelyTraversePassiveMountEffects (http://localhost:3100/_next/static/chunks/node_modules_next_dist_compiled_react-dom_096_9a-._.js:8506:316)
    at commitPassiveMountOnFiber (http://localhost:3100/_next/static/chunks/node_modules_next_dist_compiled_react-dom_096_9a-._.js:8518:17)
    at recursivelyTraversePassiveMountEffects (http://localhost:3100/_next/static/chunks/node_modules_next_dist_compiled_react-dom_096_9a-._.js:8506:316)
[ 1090677ms] [LOG] [Fast Refresh] rebuilding @ http://localhost:3100/_next/static/chunks/node_modules_next_dist_1e8vcs8._.js:776
[ 1090680ms] [WARNING] [Fast Refresh] performing full reload because your application had an unrecoverable error @ http://localhost:3100/_next/static/chunks/node_modules_next_dist_1e8vcs8._.js:776
[ 1090881ms] [LOG] [Fast Refresh] done in 4ms @ http://localhost:3100/_next/static/chunks/node_modules_next_dist_1e8vcs8._.js:776
[ 1090985ms] [INFO] %cDownload the React DevTools for a better development experience: https://react.dev/link/react-devtools font-weight:bold @ http://localhost:3100/_next/static/chunks/node_modules_next_dist_1e8vcs8._.js:776
[ 1091010ms] [LOG] [HMR] connected @ http://localhost:3100/_next/static/chunks/node_modules_next_dist_1e8vcs8._.js:776
[ 1091409ms] [WARNING] GSAP target  not found. https://gsap.com @ http://localhost:3100/_next/static/chunks/node_modules_next_dist_1e8vcs8._.js:776
[ 1092450ms] [ERROR] WebSocket connection to 'ws://localhost:3100/_next/hmr?id=QAqTGxJdCm0hl41v6Q0bm' failed: Error in connection establishment: net::ERR_CONNECTION_REFUSED @ http://localhost:3100/_next/static/chunks/node_modules_next_dist_client_0_90u2t._.js:16348
[ 1093457ms] [ERROR] WebSocket connection to 'ws://localhost:3100/_next/hmr?id=QAqTGxJdCm0hl41v6Q0bm' failed: Error in connection establishment: net::ERR_CONNECTION_REFUSED @ http://localhost:3100/_next/static/chunks/node_modules_next_dist_client_0_90u2t._.js:16348
[ 1094464ms] [ERROR] WebSocket connection to 'ws://localhost:3100/_next/hmr?id=QAqTGxJdCm0hl41v6Q0bm' failed: Error in connection establishment: net::ERR_CONNECTION_REFUSED @ http://localhost:3100/_next/static/chunks/node_modules_next_dist_client_0_90u2t._.js:16348
[ 1095471ms] [ERROR] WebSocket connection to 'ws://localhost:3100/_next/hmr?id=QAqTGxJdCm0hl41v6Q0bm' failed: Error in connection establishment: net::ERR_CONNECTION_REFUSED @ http://localhost:3100/_next/static/chunks/node_modules_next_dist_client_0_90u2t._.js:16348
[ 1096477ms] [ERROR] WebSocket connection to 'ws://localhost:3100/_next/hmr?id=QAqTGxJdCm0hl41v6Q0bm' failed: Error in connection establishment: net::ERR_CONNECTION_REFUSED @ http://localhost:3100/_next/static/chunks/node_modules_next_dist_client_0_90u2t._.js:16348
[ 1101560ms] [LOG] [HMR] connected @ http://localhost:3100/_next/static/chunks/node_modules_next_dist_1e8vcs8._.js:776
[ 1102465ms] [INFO] %cDownload the React DevTools for a better development experience: https://react.dev/link/react-devtools font-weight:bold @ http://localhost:3100/_next/static/chunks/node_modules_next_dist_1e8vcs8._.js:776
[ 1102497ms] [LOG] [HMR] connected @ http://localhost:3100/_next/static/chunks/node_modules_next_dist_1e8vcs8._.js:776
[ 1102875ms] [WARNING] GSAP target  not found. https://gsap.com @ http://localhost:3100/_next/static/chunks/node_modules_next_dist_1e8vcs8._.js:776
[ 1105949ms] [INFO] %cDownload the React DevTools for a better development experience: https://react.dev/link/react-devtools font-weight:bold @ http://localhost:3100/_next/static/chunks/node_modules_next_dist_1e8vcs8._.js:776
[ 1105967ms] [LOG] [HMR] connected @ http://localhost:3100/_next/static/chunks/node_modules_next_dist_1e8vcs8._.js:776
[ 1106254ms] [WARNING] GSAP target  not found. https://gsap.com @ http://localhost:3100/_next/static/chunks/node_modules_next_dist_1e8vcs8._.js:776
[ 1209204ms] [LOG] [Fast Refresh] rebuilding @ http://localhost:3100/_next/static/chunks/node_modules_next_dist_1e8vcs8._.js:776
[ 1209480ms] [LOG] [Fast Refresh] done in 16ms @ http://localhost:3100/_next/static/chunks/node_modules_next_dist_1e8vcs8._.js:776
[ 1209495ms] [WARNING] Image with src "/assets/it-service-telefonberatung.webp" was detected as the Largest Contentful Paint (LCP). Please add the `loading="eager"` property if this image is above the fold.
Read more: https://nextjs.org/docs/app/api-reference/components/image#loading @ http://localhost:3100/_next/static/chunks/node_modules_next_dist_1e8vcs8._.js:776
[ 1209548ms] [LOG] [Fast Refresh] done in 16ms @ http://localhost:3100/_next/static/chunks/node_modules_next_dist_1e8vcs8._.js:776
[ 1209607ms] [LOG] [Fast Refresh] done in 16ms @ http://localhost:3100/_next/static/chunks/node_modules_next_dist_1e8vcs8._.js:776
[ 1209669ms] [LOG] [Fast Refresh] done in 16ms @ http://localhost:3100/_next/static/chunks/node_modules_next_dist_1e8vcs8._.js:776
[ 1209731ms] [LOG] [Fast Refresh] done in 16ms @ http://localhost:3100/_next/static/chunks/node_modules_next_dist_1e8vcs8._.js:776
[ 1209793ms] [LOG] [Fast Refresh] done in 16ms @ http://localhost:3100/_next/static/chunks/node_modules_next_dist_1e8vcs8._.js:776
[ 1209854ms] [LOG] [Fast Refresh] done in 16ms @ http://localhost:3100/_next/static/chunks/node_modules_next_dist_1e8vcs8._.js:776
[ 1209916ms] [LOG] [Fast Refresh] done in 16ms @ http://localhost:3100/_next/static/chunks/node_modules_next_dist_1e8vcs8._.js:776
[ 1209977ms] [LOG] [Fast Refresh] done in 16ms @ http://localhost:3100/_next/static/chunks/node_modules_next_dist_1e8vcs8._.js:776
[ 1210039ms] [LOG] [Fast Refresh] done in 16ms @ http://localhost:3100/_next/static/chunks/node_modules_next_dist_1e8vcs8._.js:776
[ 1210101ms] [LOG] [Fast Refresh] done in 16ms @ http://localhost:3100/_next/static/chunks/node_modules_next_dist_1e8vcs8._.js:776
[ 1210163ms] [LOG] [Fast Refresh] done in 16ms @ http://localhost:3100/_next/static/chunks/node_modules_next_dist_1e8vcs8._.js:776
[ 1210224ms] [LOG] [Fast Refresh] done in 16ms @ http://localhost:3100/_next/static/chunks/node_modules_next_dist_1e8vcs8._.js:776
[ 1210286ms] [LOG] [Fast Refresh] done in 16ms @ http://localhost:3100/_next/static/chunks/node_modules_next_dist_1e8vcs8._.js:776
[ 1210347ms] [LOG] [Fast Refresh] done in 16ms @ http://localhost:3100/_next/static/chunks/node_modules_next_dist_1e8vcs8._.js:776
[ 1210408ms] [LOG] [Fast Refresh] done in 16ms @ http://localhost:3100/_next/static/chunks/node_modules_next_dist_1e8vcs8._.js:776
[ 1210470ms] [LOG] [Fast Refresh] done in 16ms @ http://localhost:3100/_next/static/chunks/node_modules_next_dist_1e8vcs8._.js:776
[ 1210530ms] [LOG] [Fast Refresh] done in 16ms @ http://localhost:3100/_next/static/chunks/node_modules_next_dist_1e8vcs8._.js:776
[ 1210591ms] [LOG] [Fast Refresh] done in 16ms @ http://localhost:3100/_next/static/chunks/node_modules_next_dist_1e8vcs8._.js:776
[ 1210651ms] [LOG] [Fast Refresh] done in 16ms @ http://localhost:3100/_next/static/chunks/node_modules_next_dist_1e8vcs8._.js:776
[ 1210713ms] [LOG] [Fast Refresh] done in 16ms @ http://localhost:3100/_next/static/chunks/node_modules_next_dist_1e8vcs8._.js:776
[ 1210775ms] [LOG] [Fast Refresh] done in 16ms @ http://localhost:3100/_next/static/chunks/node_modules_next_dist_1e8vcs8._.js:776
[ 1210835ms] [LOG] [Fast Refresh] done in 16ms @ http://localhost:3100/_next/static/chunks/node_modules_next_dist_1e8vcs8._.js:776
[ 1210897ms] [LOG] [Fast Refresh] done in 16ms @ http://localhost:3100/_next/static/chunks/node_modules_next_dist_1e8vcs8._.js:776
[ 1210958ms] [LOG] [Fast Refresh] done in 16ms @ http://localhost:3100/_next/static/chunks/node_modules_next_dist_1e8vcs8._.js:776
[ 1211020ms] [LOG] [Fast Refresh] done in 16ms @ http://localhost:3100/_next/static/chunks/node_modules_next_dist_1e8vcs8._.js:776
[ 1211081ms] [LOG] [Fast Refresh] done in 16ms @ http://localhost:3100/_next/static/chunks/node_modules_next_dist_1e8vcs8._.js:776
[ 1211143ms] [LOG] [Fast Refresh] done in 16ms @ http://localhost:3100/_next/static/chunks/node_modules_next_dist_1e8vcs8._.js:776
[ 1211204ms] [LOG] [Fast Refresh] done in 16ms @ http://localhost:3100/_next/static/chunks/node_modules_next_dist_1e8vcs8._.js:776
[ 1211266ms] [LOG] [Fast Refresh] done in 16ms @ http://localhost:3100/_next/static/chunks/node_modules_next_dist_1e8vcs8._.js:776
[ 1211327ms] [LOG] [Fast Refresh] done in 16ms @ http://localhost:3100/_next/static/chunks/node_modules_next_dist_1e8vcs8._.js:776
[ 1211389ms] [LOG] [Fast Refresh] done in 16ms @ http://localhost:3100/_next/static/chunks/node_modules_next_dist_1e8vcs8._.js:776
[ 1211450ms] [LOG] [Fast Refresh] done in 16ms @ http://localhost:3100/_next/static/chunks/node_modules_next_dist_1e8vcs8._.js:776
[ 1211511ms] [LOG] [Fast Refresh] done in 16ms @ http://localhost:3100/_next/static/chunks/node_modules_next_dist_1e8vcs8._.js:776
[ 1211573ms] [LOG] [Fast Refresh] done in 16ms @ http://localhost:3100/_next/static/chunks/node_modules_next_dist_1e8vcs8._.js:776
[ 1211634ms] [LOG] [Fast Refresh] done in 16ms @ http://localhost:3100/_next/static/chunks/node_modules_next_dist_1e8vcs8._.js:776
[ 1211696ms] [LOG] [Fast Refresh] done in 16ms @ http://localhost:3100/_next/static/chunks/node_modules_next_dist_1e8vcs8._.js:776
[ 1211758ms] [LOG] [Fast Refresh] done in 16ms @ http://localhost:3100/_next/static/chunks/node_modules_next_dist_1e8vcs8._.js:776
[ 1211819ms] [LOG] [Fast Refresh] done in 16ms @ http://localhost:3100/_next/static/chunks/node_modules_next_dist_1e8vcs8._.js:776
[ 1211880ms] [LOG] [Fast Refresh] done in 16ms @ http://localhost:3100/_next/static/chunks/node_modules_next_dist_1e8vcs8._.js:776
[ 1211942ms] [LOG] [Fast Refresh] done in 16ms @ http://localhost:3100/_next/static/chunks/node_modules_next_dist_1e8vcs8._.js:776
[ 1212003ms] [LOG] [Fast Refresh] done in 16ms @ http://localhost:3100/_next/static/chunks/node_modules_next_dist_1e8vcs8._.js:776
[ 1212064ms] [LOG] [Fast Refresh] done in 16ms @ http://localhost:3100/_next/static/chunks/node_modules_next_dist_1e8vcs8._.js:776
[ 1212126ms] [LOG] [Fast Refresh] done in 16ms @ http://localhost:3100/_next/static/chunks/node_modules_next_dist_1e8vcs8._.js:776
[ 1212187ms] [LOG] [Fast Refresh] done in 16ms @ http://localhost:3100/_next/static/chunks/node_modules_next_dist_1e8vcs8._.js:776
[ 1212248ms] [LOG] [Fast Refresh] done in 16ms @ http://localhost:3100/_next/static/chunks/node_modules_next_dist_1e8vcs8._.js:776
[ 1212310ms] [LOG] [Fast Refresh] done in 16ms @ http://localhost:3100/_next/static/chunks/node_modules_next_dist_1e8vcs8._.js:776
[ 1212372ms] [LOG] [Fast Refresh] done in 16ms @ http://localhost:3100/_next/static/chunks/node_modules_next_dist_1e8vcs8._.js:776
[ 1212433ms] [LOG] [Fast Refresh] done in 16ms @ http://localhost:3100/_next/static/chunks/node_modules_next_dist_1e8vcs8._.js:776
[ 1212495ms] [LOG] [Fast Refresh] done in 16ms @ http://localhost:3100/_next/static/chunks/node_modules_next_dist_1e8vcs8._.js:776
[ 1212556ms] [LOG] [Fast Refresh] done in 16ms @ http://localhost:3100/_next/static/chunks/node_modules_next_dist_1e8vcs8._.js:776
[ 1212617ms] [LOG] [Fast Refresh] done in 16ms @ http://localhost:3100/_next/static/chunks/node_modules_next_dist_1e8vcs8._.js:776
[ 1212678ms] [LOG] [Fast Refresh] done in 16ms @ http://localhost:3100/_next/static/chunks/node_modules_next_dist_1e8vcs8._.js:776
[ 1212740ms] [LOG] [Fast Refresh] done in 16ms @ http://localhost:3100/_next/static/chunks/node_modules_next_dist_1e8vcs8._.js:776
[ 1212802ms] [LOG] [Fast Refresh] done in 16ms @ http://localhost:3100/_next/static/chunks/node_modules_next_dist_1e8vcs8._.js:776
[ 1212864ms] [LOG] [Fast Refresh] done in 16ms @ http://localhost:3100/_next/static/chunks/node_modules_next_dist_1e8vcs8._.js:776
[ 1212925ms] [LOG] [Fast Refresh] done in 16ms @ http://localhost:3100/_next/static/chunks/node_modules_next_dist_1e8vcs8._.js:776
[ 1212987ms] [LOG] [Fast Refresh] done in 16ms @ http://localhost:3100/_next/static/chunks/node_modules_next_dist_1e8vcs8._.js:776
[ 1213049ms] [LOG] [Fast Refresh] done in 16ms @ http://localhost:3100/_next/static/chunks/node_modules_next_dist_1e8vcs8._.js:776
[ 1213110ms] [LOG] [Fast Refresh] done in 16ms @ http://localhost:3100/_next/static/chunks/node_modules_next_dist_1e8vcs8._.js:776
[ 1213172ms] [LOG] [Fast Refresh] done in 16ms @ http://localhost:3100/_next/static/chunks/node_modules_next_dist_1e8vcs8._.js:776
[ 1213234ms] [LOG] [Fast Refresh] done in 16ms @ http://localhost:3100/_next/static/chunks/node_modules_next_dist_1e8vcs8._.js:776
[ 1213296ms] [LOG] [Fast Refresh] done in 16ms @ http://localhost:3100/_next/static/chunks/node_modules_next_dist_1e8vcs8._.js:776
[ 1213357ms] [LOG] [Fast Refresh] done in 16ms @ http://localhost:3100/_next/static/chunks/node_modules_next_dist_1e8vcs8._.js:776
[ 1213418ms] [LOG] [Fast Refresh] done in 16ms @ http://localhost:3100/_next/static/chunks/node_modules_next_dist_1e8vcs8._.js:776
[ 1213480ms] [LOG] [Fast Refresh] done in 16ms @ http://localhost:3100/_next/static/chunks/node_modules_next_dist_1e8vcs8._.js:776
[ 1213541ms] [LOG] [Fast Refresh] done in 16ms @ http://localhost:3100/_next/static/chunks/node_modules_next_dist_1e8vcs8._.js:776
[ 1213602ms] [LOG] [Fast Refresh] done in 16ms @ http://localhost:3100/_next/static/chunks/node_modules_next_dist_1e8vcs8._.js:776
[ 1213664ms] [LOG] [Fast Refresh] done in 16ms @ http://localhost:3100/_next/static/chunks/node_modules_next_dist_1e8vcs8._.js:776
[ 1213726ms] [LOG] [Fast Refresh] done in 16ms @ http://localhost:3100/_next/static/chunks/node_modules_next_dist_1e8vcs8._.js:776
[ 1213787ms] [LOG] [Fast Refresh] done in 16ms @ http://localhost:3100/_next/static/chunks/node_modules_next_dist_1e8vcs8._.js:776
[ 1213849ms] [LOG] [Fast Refresh] done in 16ms @ http://localhost:3100/_next/static/chunks/node_modules_next_dist_1e8vcs8._.js:776
[ 1213910ms] [LOG] [Fast Refresh] done in 16ms @ http://localhost:3100/_next/static/chunks/node_modules_next_dist_1e8vcs8._.js:776
[ 1213972ms] [LOG] [Fast Refresh] done in 16ms @ http://localhost:3100/_next/static/chunks/node_modules_next_dist_1e8vcs8._.js:776
[ 1214033ms] [LOG] [Fast Refresh] done in 16ms @ http://localhost:3100/_next/static/chunks/node_modules_next_dist_1e8vcs8._.js:776
[ 1214094ms] [LOG] [Fast Refresh] done in 16ms @ http://localhost:3100/_next/static/chunks/node_modules_next_dist_1e8vcs8._.js:776
[ 1214156ms] [LOG] [Fast Refresh] done in 16ms @ http://localhost:3100/_next/static/chunks/node_modules_next_dist_1e8vcs8._.js:776
[ 1214217ms] [LOG] [Fast Refresh] done in 16ms @ http://localhost:3100/_next/static/chunks/node_modules_next_dist_1e8vcs8._.js:776
[ 1214278ms] [LOG] [Fast Refresh] done in 16ms @ http://localhost:3100/_next/static/chunks/node_modules_next_dist_1e8vcs8._.js:776
[ 1214339ms] [LOG] [Fast Refresh] done in 16ms @ http://localhost:3100/_next/static/chunks/node_modules_next_dist_1e8vcs8._.js:776
[ 1214401ms] [LOG] [Fast Refresh] done in 16ms @ http://localhost:3100/_next/static/chunks/node_modules_next_dist_1e8vcs8._.js:776
[ 1214462ms] [LOG] [Fast Refresh] done in 16ms @ http://localhost:3100/_next/static/chunks/node_modules_next_dist_1e8vcs8._.js:776
[ 1214522ms] [LOG] [Fast Refresh] done in 16ms @ http://localhost:3100/_next/static/chunks/node_modules_next_dist_1e8vcs8._.js:776
[ 1214584ms] [LOG] [Fast Refresh] done in 16ms @ http://localhost:3100/_next/static/chunks/node_modules_next_dist_1e8vcs8._.js:776
[ 1214645ms] [LOG] [Fast Refresh] done in 16ms @ http://localhost:3100/_next/static/chunks/node_modules_next_dist_1e8vcs8._.js:776
[ 1214707ms] [LOG] [Fast Refresh] done in 16ms @ http://localhost:3100/_next/static/chunks/node_modules_next_dist_1e8vcs8._.js:776
[ 1214769ms] [LOG] [Fast Refresh] done in 16ms @ http://localhost:3100/_next/static/chunks/node_modules_next_dist_1e8vcs8._.js:776
[ 1214830ms] [LOG] [Fast Refresh] done in 16ms @ http://localhost:3100/_next/static/chunks/node_modules_next_dist_1e8vcs8._.js:776
[ 1214891ms] [LOG] [Fast Refresh] done in 16ms @ http://localhost:3100/_next/static/chunks/node_modules_next_dist_1e8vcs8._.js:776
[ 1214953ms] [LOG] [Fast Refresh] done in 16ms @ http://localhost:3100/_next/static/chunks/node_modules_next_dist_1e8vcs8._.js:776
[ 1215014ms] [LOG] [Fast Refresh] done in 16ms @ http://localhost:3100/_next/static/chunks/node_modules_next_dist_1e8vcs8._.js:776
[ 1215075ms] [LOG] [Fast Refresh] done in 16ms @ http://localhost:3100/_next/static/chunks/node_modules_next_dist_1e8vcs8._.js:776
[ 1215136ms] [LOG] [Fast Refresh] done in 16ms @ http://localhost:3100/_next/static/chunks/node_modules_next_dist_1e8vcs8._.js:776
[ 1215198ms] [LOG] [Fast Refresh] done in 16ms @ http://localhost:3100/_next/static/chunks/node_modules_next_dist_1e8vcs8._.js:776
[ 1215259ms] [LOG] [Fast Refresh] done in 16ms @ http://localhost:3100/_next/static/chunks/node_modules_next_dist_1e8vcs8._.js:776
[ 1215321ms] [LOG] [Fast Refresh] done in 16ms @ http://localhost:3100/_next/static/chunks/node_modules_next_dist_1e8vcs8._.js:776
[ 1215383ms] [LOG] [Fast Refresh] done in 16ms @ http://localhost:3100/_next/static/chunks/node_modules_next_dist_1e8vcs8._.js:776
[ 1215444ms] [LOG] [Fast Refresh] done in 16ms @ http://localhost:3100/_next/static/chunks/node_modules_next_dist_1e8vcs8._.js:776
[ 1215505ms] [LOG] [Fast Refresh] done in 16ms @ http://localhost:3100/_next/static/chunks/node_modules_next_dist_1e8vcs8._.js:776
[ 1215566ms] [LOG] [Fast Refresh] done in 16ms @ http://localhost:3100/_next/static/chunks/node_modules_next_dist_1e8vcs8._.js:776
[ 1215628ms] [LOG] [Fast Refresh] done in 16ms @ http://localhost:3100/_next/static/chunks/node_modules_next_dist_1e8vcs8._.js:776
[ 1215690ms] [LOG] [Fast Refresh] done in 16ms @ http://localhost:3100/_next/static/chunks/node_modules_next_dist_1e8vcs8._.js:776
[ 1215752ms] [LOG] [Fast Refresh] done in 16ms @ http://localhost:3100/_next/static/chunks/node_modules_next_dist_1e8vcs8._.js:776
[ 1215813ms] [LOG] [Fast Refresh] done in 16ms @ http://localhost:3100/_next/static/chunks/node_modules_next_dist_1e8vcs8._.js:776
[ 1215875ms] [LOG] [Fast Refresh] done in 16ms @ http://localhost:3100/_next/static/chunks/node_modules_next_dist_1e8vcs8._.js:776
[ 1215936ms] [LOG] [Fast Refresh] done in 16ms @ http://localhost:3100/_next/static/chunks/node_modules_next_dist_1e8vcs8._.js:776
[ 1215997ms] [LOG] [Fast Refresh] done in 16ms @ http://localhost:3100/_next/static/chunks/node_modules_next_dist_1e8vcs8._.js:776
[ 1216064ms] [LOG] [Fast Refresh] done in 16ms @ http://localhost:3100/_next/static/chunks/node_modules_next_dist_1e8vcs8._.js:776
[ 1216120ms] [LOG] [Fast Refresh] done in 16ms @ http://localhost:3100/_next/static/chunks/node_modules_next_dist_1e8vcs8._.js:776
[ 1216181ms] [LOG] [Fast Refresh] done in 16ms @ http://localhost:3100/_next/static/chunks/node_modules_next_dist_1e8vcs8._.js:776
[ 1216243ms] [LOG] [Fast Refresh] done in 16ms @ http://localhost:3100/_next/static/chunks/node_modules_next_dist_1e8vcs8._.js:776
[ 1216304ms] [LOG] [Fast Refresh] done in 16ms @ http://localhost:3100/_next/static/chunks/node_modules_next_dist_1e8vcs8._.js:776
[ 1216366ms] [LOG] [Fast Refresh] done in 16ms @ http://localhost:3100/_next/static/chunks/node_modules_next_dist_1e8vcs8._.js:776
[ 1216427ms] [LOG] [Fast Refresh] done in 16ms @ http://localhost:3100/_next/static/chunks/node_modules_next_dist_1e8vcs8._.js:776
[ 1216489ms] [LOG] [Fast Refresh] done in 16ms @ http://localhost:3100/_next/static/chunks/node_modules_next_dist_1e8vcs8._.js:776
[ 1216550ms] [LOG] [Fast Refresh] done in 16ms @ http://localhost:3100/_next/static/chunks/node_modules_next_dist_1e8vcs8._.js:776
[ 1216611ms] [LOG] [Fast Refresh] done in 16ms @ http://localhost:3100/_next/static/chunks/node_modules_next_dist_1e8vcs8._.js:776
[ 1216672ms] [LOG] [Fast Refresh] done in 16ms @ http://localhost:3100/_next/static/chunks/node_modules_next_dist_1e8vcs8._.js:776
[ 1216734ms] [LOG] [Fast Refresh] done in 16ms @ http://localhost:3100/_next/static/chunks/node_modules_next_dist_1e8vcs8._.js:776
[ 1216795ms] [LOG] [Fast Refresh] done in 16ms @ http://localhost:3100/_next/static/chunks/node_modules_next_dist_1e8vcs8._.js:776
[ 1216857ms] [LOG] [Fast Refresh] done in 16ms @ http://localhost:3100/_next/static/chunks/node_modules_next_dist_1e8vcs8._.js:776
[ 1216918ms] [LOG] [Fast Refresh] done in 16ms @ http://localhost:3100/_next/static/chunks/node_modules_next_dist_1e8vcs8._.js:776
[ 1216979ms] [LOG] [Fast Refresh] done in 16ms @ http://localhost:3100/_next/static/chunks/node_modules_next_dist_1e8vcs8._.js:776
[ 1217041ms] [LOG] [Fast Refresh] done in 16ms @ http://localhost:3100/_next/static/chunks/node_modules_next_dist_1e8vcs8._.js:776
[ 1217102ms] [LOG] [Fast Refresh] done in 16ms @ http://localhost:3100/_next/static/chunks/node_modules_next_dist_1e8vcs8._.js:776
[ 1217164ms] [LOG] [Fast Refresh] done in 16ms @ http://localhost:3100/_next/static/chunks/node_modules_next_dist_1e8vcs8._.js:776
[ 1217226ms] [LOG] [Fast Refresh] done in 16ms @ http://localhost:3100/_next/static/chunks/node_modules_next_dist_1e8vcs8._.js:776
[ 1217287ms] [LOG] [Fast Refresh] done in 16ms @ http://localhost:3100/_next/static/chunks/node_modules_next_dist_1e8vcs8._.js:776
[ 1217349ms] [LOG] [Fast Refresh] done in 16ms @ http://localhost:3100/_next/static/chunks/node_modules_next_dist_1e8vcs8._.js:776
[ 1217411ms] [LOG] [Fast Refresh] done in 16ms @ http://localhost:3100/_next/static/chunks/node_modules_next_dist_1e8vcs8._.js:776
[ 1217472ms] [LOG] [Fast Refresh] done in 16ms @ http://localhost:3100/_next/static/chunks/node_modules_next_dist_1e8vcs8._.js:776
[ 1217533ms] [LOG] [Fast Refresh] done in 16ms @ http://localhost:3100/_next/static/chunks/node_modules_next_dist_1e8vcs8._.js:776
[ 1217595ms] [LOG] [Fast Refresh] done in 16ms @ http://localhost:3100/_next/static/chunks/node_modules_next_dist_1e8vcs8._.js:776
[ 1217657ms] [LOG] [Fast Refresh] done in 16ms @ http://localhost:3100/_next/static/chunks/node_modules_next_dist_1e8vcs8._.js:776
[ 1217718ms] [LOG] [Fast Refresh] done in 16ms @ http://localhost:3100/_next/static/chunks/node_modules_next_dist_1e8vcs8._.js:776
[ 1217779ms] [LOG] [Fast Refresh] done in 16ms @ http://localhost:3100/_next/static/chunks/node_modules_next_dist_1e8vcs8._.js:776
[ 1217841ms] [LOG] [Fast Refresh] done in 16ms @ http://localhost:3100/_next/static/chunks/node_modules_next_dist_1e8vcs8._.js:776
[ 1217902ms] [LOG] [Fast Refresh] done in 16ms @ http://localhost:3100/_next/static/chunks/node_modules_next_dist_1e8vcs8._.js:776
[ 1217963ms] [LOG] [Fast Refresh] done in 16ms @ http://localhost:3100/_next/static/chunks/node_modules_next_dist_1e8vcs8._.js:776
[ 1218024ms] [LOG] [Fast Refresh] done in 16ms @ http://localhost:3100/_next/static/chunks/node_modules_next_dist_1e8vcs8._.js:776
[ 1218085ms] [LOG] [Fast Refresh] done in 16ms @ http://localhost:3100/_next/static/chunks/node_modules_next_dist_1e8vcs8._.js:776
[ 1218147ms] [LOG] [Fast Refresh] done in 16ms @ http://localhost:3100/_next/static/chunks/node_modules_next_dist_1e8vcs8._.js:776
[ 1218208ms] [LOG] [Fast Refresh] done in 16ms @ http://localhost:3100/_next/static/chunks/node_modules_next_dist_1e8vcs8._.js:776
[ 1218269ms] [LOG] [Fast Refresh] done in 16ms @ http://localhost:3100/_next/static/chunks/node_modules_next_dist_1e8vcs8._.js:776
[ 1218331ms] [LOG] [Fast Refresh] done in 16ms @ http://localhost:3100/_next/static/chunks/node_modules_next_dist_1e8vcs8._.js:776
[ 1218393ms] [LOG] [Fast Refresh] done in 16ms @ http://localhost:3100/_next/static/chunks/node_modules_next_dist_1e8vcs8._.js:776
[ 1218454ms] [LOG] [Fast Refresh] done in 16ms @ http://localhost:3100/_next/static/chunks/node_modules_next_dist_1e8vcs8._.js:776
[ 1218515ms] [LOG] [Fast Refresh] done in 16ms @ http://localhost:3100/_next/static/chunks/node_modules_next_dist_1e8vcs8._.js:776
[ 1218577ms] [LOG] [Fast Refresh] done in 16ms @ http://localhost:3100/_next/static/chunks/node_modules_next_dist_1e8vcs8._.js:776
[ 1218639ms] [LOG] [Fast Refresh] done in 16ms @ http://localhost:3100/_next/static/chunks/node_modules_next_dist_1e8vcs8._.js:776
[ 1218701ms] [LOG] [Fast Refresh] done in 16ms @ http://localhost:3100/_next/static/chunks/node_modules_next_dist_1e8vcs8._.js:776
[ 1218762ms] [LOG] [Fast Refresh] done in 16ms @ http://localhost:3100/_next/static/chunks/node_modules_next_dist_1e8vcs8._.js:776
[ 1218824ms] [LOG] [Fast Refresh] done in 16ms @ http://localhost:3100/_next/static/chunks/node_modules_next_dist_1e8vcs8._.js:776
[ 1218885ms] [LOG] [Fast Refresh] done in 16ms @ http://localhost:3100/_next/static/chunks/node_modules_next_dist_1e8vcs8._.js:776
[ 1218946ms] [LOG] [Fast Refresh] done in 16ms @ http://localhost:3100/_next/static/chunks/node_modules_next_dist_1e8vcs8._.js:776
[ 1219008ms] [LOG] [Fast Refresh] done in 16ms @ http://localhost:3100/_next/static/chunks/node_modules_next_dist_1e8vcs8._.js:776
[ 1219069ms] [LOG] [Fast Refresh] done in 16ms @ http://localhost:3100/_next/static/chunks/node_modules_next_dist_1e8vcs8._.js:776
[ 1219130ms] [LOG] [Fast Refresh] done in 16ms @ http://localhost:3100/_next/static/chunks/node_modules_next_dist_1e8vcs8._.js:776
[ 1219192ms] [LOG] [Fast Refresh] done in 16ms @ http://localhost:3100/_next/static/chunks/node_modules_next_dist_1e8vcs8._.js:776
[ 1219252ms] [LOG] [Fast Refresh] done in 16ms @ http://localhost:3100/_next/static/chunks/node_modules_next_dist_1e8vcs8._.js:776
[ 1219314ms] [LOG] [Fast Refresh] done in 16ms @ http://localhost:3100/_next/static/chunks/node_modules_next_dist_1e8vcs8._.js:776
[ 1219376ms] [LOG] [Fast Refresh] done in 16ms @ http://localhost:3100/_next/static/chunks/node_modules_next_dist_1e8vcs8._.js:776
[ 1219437ms] [LOG] [Fast Refresh] done in 16ms @ http://localhost:3100/_next/static/chunks/node_modules_next_dist_1e8vcs8._.js:776
[ 1219499ms] [LOG] [Fast Refresh] done in 16ms @ http://localhost:3100/_next/static/chunks/node_modules_next_dist_1e8vcs8._.js:776
[ 1219560ms] [LOG] [Fast Refresh] done in 16ms @ http://localhost:3100/_next/static/chunks/node_modules_next_dist_1e8vcs8._.js:776
[ 1219623ms] [LOG] [Fast Refresh] done in 16ms @ http://localhost:3100/_next/static/chunks/node_modules_next_dist_1e8vcs8._.js:776
[ 1219684ms] [LOG] [Fast Refresh] done in 16ms @ http://localhost:3100/_next/static/chunks/node_modules_next_dist_1e8vcs8._.js:776
[ 1219746ms] [LOG] [Fast Refresh] done in 16ms @ http://localhost:3100/_next/static/chunks/node_modules_next_dist_1e8vcs8._.js:776
[ 1219808ms] [LOG] [Fast Refresh] done in 16ms @ http://localhost:3100/_next/static/chunks/node_modules_next_dist_1e8vcs8._.js:776
[ 1219869ms] [LOG] [Fast Refresh] done in 16ms @ http://localhost:3100/_next/static/chunks/node_modules_next_dist_1e8vcs8._.js:776
[ 1219930ms] [LOG] [Fast Refresh] done in 16ms @ http://localhost:3100/_next/static/chunks/node_modules_next_dist_1e8vcs8._.js:776
[ 1219992ms] [LOG] [Fast Refresh] done in 16ms @ http://localhost:3100/_next/static/chunks/node_modules_next_dist_1e8vcs8._.js:776
[ 1220054ms] [LOG] [Fast Refresh] done in 16ms @ http://localhost:3100/_next/static/chunks/node_modules_next_dist_1e8vcs8._.js:776
[ 1220115ms] [LOG] [Fast Refresh] done in 16ms @ http://localhost:3100/_next/static/chunks/node_modules_next_dist_1e8vcs8._.js:776
[ 1220176ms] [LOG] [Fast Refresh] done in 16ms @ http://localhost:3100/_next/static/chunks/node_modules_next_dist_1e8vcs8._.js:776
[ 1220239ms] [LOG] [Fast Refresh] done in 16ms @ http://localhost:3100/_next/static/chunks/node_modules_next_dist_1e8vcs8._.js:776
[ 1220300ms] [LOG] [Fast Refresh] done in 16ms @ http://localhost:3100/_next/static/chunks/node_modules_next_dist_1e8vcs8._.js:776
[ 1220361ms] [LOG] [Fast Refresh] done in 16ms @ http://localhost:3100/_next/static/chunks/node_modules_next_dist_1e8vcs8._.js:776
[ 1220422ms] [LOG] [Fast Refresh] done in 16ms @ http://localhost:3100/_next/static/chunks/node_modules_next_dist_1e8vcs8._.js:776
[ 1220484ms] [LOG] [Fast Refresh] done in 16ms @ http://localhost:3100/_next/static/chunks/node_modules_next_dist_1e8vcs8._.js:776
[ 1220545ms] [LOG] [Fast Refresh] done in 16ms @ http://localhost:3100/_next/static/chunks/node_modules_next_dist_1e8vcs8._.js:776
[ 1220606ms] [LOG] [Fast Refresh] done in 16ms @ http://localhost:3100/_next/static/chunks/node_modules_next_dist_1e8vcs8._.js:776
[ 1220667ms] [LOG] [Fast Refresh] done in 16ms @ http://localhost:3100/_next/static/chunks/node_modules_next_dist_1e8vcs8._.js:776
[ 1220728ms] [LOG] [Fast Refresh] done in 16ms @ http://localhost:3100/_next/static/chunks/node_modules_next_dist_1e8vcs8._.js:776
[ 1220790ms] [LOG] [Fast Refresh] done in 16ms @ http://localhost:3100/_next/static/chunks/node_modules_next_dist_1e8vcs8._.js:776
[ 1220851ms] [LOG] [Fast Refresh] done in 16ms @ http://localhost:3100/_next/static/chunks/node_modules_next_dist_1e8vcs8._.js:776
[ 1220913ms] [LOG] [Fast Refresh] done in 16ms @ http://localhost:3100/_next/static/chunks/node_modules_next_dist_1e8vcs8._.js:776
[ 1220974ms] [LOG] [Fast Refresh] done in 16ms @ http://localhost:3100/_next/static/chunks/node_modules_next_dist_1e8vcs8._.js:776
[ 1221036ms] [LOG] [Fast Refresh] done in 16ms @ http://localhost:3100/_next/static/chunks/node_modules_next_dist_1e8vcs8._.js:776
[ 1221098ms] [LOG] [Fast Refresh] done in 16ms @ http://localhost:3100/_next/static/chunks/node_modules_next_dist_1e8vcs8._.js:776
[ 1221159ms] [LOG] [Fast Refresh] done in 16ms @ http://localhost:3100/_next/static/chunks/node_modules_next_dist_1e8vcs8._.js:776
[ 1221220ms] [LOG] [Fast Refresh] done in 16ms @ http://localhost:3100/_next/static/chunks/node_modules_next_dist_1e8vcs8._.js:776
[ 1221282ms] [LOG] [Fast Refresh] done in 16ms @ http://localhost:3100/_next/static/chunks/node_modules_next_dist_1e8vcs8._.js:776
[ 1221343ms] [LOG] [Fast Refresh] done in 16ms @ http://localhost:3100/_next/static/chunks/node_modules_next_dist_1e8vcs8._.js:776
[ 1221404ms] [LOG] [Fast Refresh] done in 16ms @ http://localhost:3100/_next/static/chunks/node_modules_next_dist_1e8vcs8._.js:776
[ 1221465ms] [LOG] [Fast Refresh] done in 16ms @ http://localhost:3100/_next/static/chunks/node_modules_next_dist_1e8vcs8._.js:776
[ 1221526ms] [LOG] [Fast Refresh] done in 16ms @ http://localhost:3100/_next/static/chunks/node_modules_next_dist_1e8vcs8._.js:776
[ 1221588ms] [LOG] [Fast Refresh] done in 16ms @ http://localhost:3100/_next/static/chunks/node_modules_next_dist_1e8vcs8._.js:776
[ 1221650ms] [LOG] [Fast Refresh] done in 16ms @ http://localhost:3100/_next/static/chunks/node_modules_next_dist_1e8vcs8._.js:776
[ 1221711ms] [LOG] [Fast Refresh] done in 16ms @ http://localhost:3100/_next/static/chunks/node_modules_next_dist_1e8vcs8._.js:776
[ 1221772ms] [LOG] [Fast Refresh] done in 16ms @ http://localhost:3100/_next/static/chunks/node_modules_next_dist_1e8vcs8._.js:776
[ 1221834ms] [LOG] [Fast Refresh] done in 16ms @ http://localhost:3100/_next/static/chunks/node_modules_next_dist_1e8vcs8._.js:776
[ 1221895ms] [LOG] [Fast Refresh] done in 16ms @ http://localhost:3100/_next/static/chunks/node_modules_next_dist_1e8vcs8._.js:776
[ 1221956ms] [LOG] [Fast Refresh] done in 16ms @ http://localhost:3100/_next/static/chunks/node_modules_next_dist_1e8vcs8._.js:776
[ 1222018ms] [LOG] [Fast Refresh] done in 16ms @ http://localhost:3100/_next/static/chunks/node_modules_next_dist_1e8vcs8._.js:776
[ 1222079ms] [LOG] [Fast Refresh] done in 16ms @ http://localhost:3100/_next/static/chunks/node_modules_next_dist_1e8vcs8._.js:776
[ 1222140ms] [LOG] [Fast Refresh] done in 16ms @ http://localhost:3100/_next/static/chunks/node_modules_next_dist_1e8vcs8._.js:776
[ 1222202ms] [LOG] [Fast Refresh] done in 16ms @ http://localhost:3100/_next/static/chunks/node_modules_next_dist_1e8vcs8._.js:776
[ 1222263ms] [LOG] [Fast Refresh] done in 16ms @ http://localhost:3100/_next/static/chunks/node_modules_next_dist_1e8vcs8._.js:776
[ 1222326ms] [LOG] [Fast Refresh] done in 16ms @ http://localhost:3100/_next/static/chunks/node_modules_next_dist_1e8vcs8._.js:776
[ 1222387ms] [LOG] [Fast Refresh] done in 16ms @ http://localhost:3100/_next/static/chunks/node_modules_next_dist_1e8vcs8._.js:776
[ 1222449ms] [LOG] [Fast Refresh] done in 16ms @ http://localhost:3100/_next/static/chunks/node_modules_next_dist_1e8vcs8._.js:776
[ 1222510ms] [LOG] [Fast Refresh] done in 16ms @ http://localhost:3100/_next/static/chunks/node_modules_next_dist_1e8vcs8._.js:776
[ 1222572ms] [LOG] [Fast Refresh] done in 16ms @ http://localhost:3100/_next/static/chunks/node_modules_next_dist_1e8vcs8._.js:776
[ 1222633ms] [LOG] [Fast Refresh] done in 16ms @ http://localhost:3100/_next/static/chunks/node_modules_next_dist_1e8vcs8._.js:776
[ 1222694ms] [LOG] [Fast Refresh] done in 16ms @ http://localhost:3100/_next/static/chunks/node_modules_next_dist_1e8vcs8._.js:776
[ 1222755ms] [LOG] [Fast Refresh] done in 16ms @ http://localhost:3100/_next/static/chunks/node_modules_next_dist_1e8vcs8._.js:776
[ 1222817ms] [LOG] [Fast Refresh] done in 16ms @ http://localhost:3100/_next/static/chunks/node_modules_next_dist_1e8vcs8._.js:776
[ 1222879ms] [LOG] [Fast Refresh] done in 16ms @ http://localhost:3100/_next/static/chunks/node_modules_next_dist_1e8vcs8._.js:776
[ 1222940ms] [LOG] [Fast Refresh] done in 16ms @ http://localhost:3100/_next/static/chunks/node_modules_next_dist_1e8vcs8._.js:776
[ 1223001ms] [LOG] [Fast Refresh] done in 16ms @ http://localhost:3100/_next/static/chunks/node_modules_next_dist_1e8vcs8._.js:776
[ 1223063ms] [LOG] [Fast Refresh] done in 16ms @ http://localhost:3100/_next/static/chunks/node_modules_next_dist_1e8vcs8._.js:776
[ 1223124ms] [LOG] [Fast Refresh] done in 16ms @ http://localhost:3100/_next/static/chunks/node_modules_next_dist_1e8vcs8._.js:776
[ 1223186ms] [LOG] [Fast Refresh] done in 16ms @ http://localhost:3100/_next/static/chunks/node_modules_next_dist_1e8vcs8._.js:776
[ 1223248ms] [LOG] [Fast Refresh] done in 16ms @ http://localhost:3100/_next/static/chunks/node_modules_next_dist_1e8vcs8._.js:776
[ 1223309ms] [LOG] [Fast Refresh] done in 16ms @ http://localhost:3100/_next/static/chunks/node_modules_next_dist_1e8vcs8._.js:776
[ 1223371ms] [LOG] [Fast Refresh] done in 16ms @ http://localhost:3100/_next/static/chunks/node_modules_next_dist_1e8vcs8._.js:776
[ 1223433ms] [LOG] [Fast Refresh] done in 16ms @ http://localhost:3100/_next/static/chunks/node_modules_next_dist_1e8vcs8._.js:776
[ 1223494ms] [LOG] [Fast Refresh] done in 16ms @ http://localhost:3100/_next/static/chunks/node_modules_next_dist_1e8vcs8._.js:776
[ 1223556ms] [LOG] [Fast Refresh] done in 16ms @ http://localhost:3100/_next/static/chunks/node_modules_next_dist_1e8vcs8._.js:776
[ 1223617ms] [LOG] [Fast Refresh] done in 16ms @ http://localhost:3100/_next/static/chunks/node_modules_next_dist_1e8vcs8._.js:776
[ 1223679ms] [LOG] [Fast Refresh] done in 16ms @ http://localhost:3100/_next/static/chunks/node_modules_next_dist_1e8vcs8._.js:776
[ 1223740ms] [LOG] [Fast Refresh] done in 16ms @ http://localhost:3100/_next/static/chunks/node_modules_next_dist_1e8vcs8._.js:776
[ 1223802ms] [LOG] [Fast Refresh] done in 16ms @ http://localhost:3100/_next/static/chunks/node_modules_next_dist_1e8vcs8._.js:776
[ 1223863ms] [LOG] [Fast Refresh] done in 16ms @ http://localhost:3100/_next/static/chunks/node_modules_next_dist_1e8vcs8._.js:776
[ 1223925ms] [LOG] [Fast Refresh] done in 16ms @ http://localhost:3100/_next/static/chunks/node_modules_next_dist_1e8vcs8._.js:776
[ 1223986ms] [LOG] [Fast Refresh] done in 16ms @ http://localhost:3100/_next/static/chunks/node_modules_next_dist_1e8vcs8._.js:776
[ 1224048ms] [LOG] [Fast Refresh] done in 16ms @ http://localhost:3100/_next/static/chunks/node_modules_next_dist_1e8vcs8._.js:776
[ 1224109ms] [LOG] [Fast Refresh] done in 16ms @ http://localhost:3100/_next/static/chunks/node_modules_next_dist_1e8vcs8._.js:776
[ 1224171ms] [LOG] [Fast Refresh] done in 16ms @ http://localhost:3100/_next/static/chunks/node_modules_next_dist_1e8vcs8._.js:776
[ 1224232ms] [LOG] [Fast Refresh] done in 16ms @ http://localhost:3100/_next/static/chunks/node_modules_next_dist_1e8vcs8._.js:776
[ 1224294ms] [LOG] [Fast Refresh] done in 16ms @ http://localhost:3100/_next/static/chunks/node_modules_next_dist_1e8vcs8._.js:776
[ 1224356ms] [LOG] [Fast Refresh] done in 16ms @ http://localhost:3100/_next/static/chunks/node_modules_next_dist_1e8vcs8._.js:776
[ 1224418ms] [LOG] [Fast Refresh] done in 16ms @ http://localhost:3100/_next/static/chunks/node_modules_next_dist_1e8vcs8._.js:776
[ 1224479ms] [LOG] [Fast Refresh] done in 16ms @ http://localhost:3100/_next/static/chunks/node_modules_next_dist_1e8vcs8._.js:776
[ 1224541ms] [LOG] [Fast Refresh] done in 16ms @ http://localhost:3100/_next/static/chunks/node_modules_next_dist_1e8vcs8._.js:776
[ 1224602ms] [LOG] [Fast Refresh] done in 16ms @ http://localhost:3100/_next/static/chunks/node_modules_next_dist_1e8vcs8._.js:776
[ 1224664ms] [LOG] [Fast Refresh] done in 16ms @ http://localhost:3100/_next/static/chunks/node_modules_next_dist_1e8vcs8._.js:776
[ 1224725ms] [LOG] [Fast Refresh] done in 16ms @ http://localhost:3100/_next/static/chunks/node_modules_next_dist_1e8vcs8._.js:776
[ 1224787ms] [LOG] [Fast Refresh] done in 16ms @ http://localhost:3100/_next/static/chunks/node_modules_next_dist_1e8vcs8._.js:776
[ 1224848ms] [LOG] [Fast Refresh] done in 16ms @ http://localhost:3100/_next/static/chunks/node_modules_next_dist_1e8vcs8._.js:776
[ 1224911ms] [LOG] [Fast Refresh] done in 16ms @ http://localhost:3100/_next/static/chunks/node_modules_next_dist_1e8vcs8._.js:776
[ 1224972ms] [LOG] [Fast Refresh] done in 16ms @ http://localhost:3100/_next/static/chunks/node_modules_next_dist_1e8vcs8._.js:776
[ 1225033ms] [LOG] [Fast Refresh] done in 16ms @ http://localhost:3100/_next/static/chunks/node_modules_next_dist_1e8vcs8._.js:776
[ 1225094ms] [LOG] [Fast Refresh] done in 16ms @ http://localhost:3100/_next/static/chunks/node_modules_next_dist_1e8vcs8._.js:776
[ 1225156ms] [LOG] [Fast Refresh] done in 16ms @ http://localhost:3100/_next/static/chunks/node_modules_next_dist_1e8vcs8._.js:776
[ 1225217ms] [LOG] [Fast Refresh] done in 16ms @ http://localhost:3100/_next/static/chunks/node_modules_next_dist_1e8vcs8._.js:776
[ 1225279ms] [LOG] [Fast Refresh] done in 16ms @ http://localhost:3100/_next/static/chunks/node_modules_next_dist_1e8vcs8._.js:776
[ 1225341ms] [LOG] [Fast Refresh] done in 16ms @ http://localhost:3100/_next/static/chunks/node_modules_next_dist_1e8vcs8._.js:776
[ 1225403ms] [LOG] [Fast Refresh] done in 16ms @ http://localhost:3100/_next/static/chunks/node_modules_next_dist_1e8vcs8._.js:776
[ 1225464ms] [LOG] [Fast Refresh] done in 16ms @ http://localhost:3100/_next/static/chunks/node_modules_next_dist_1e8vcs8._.js:776
[ 1225525ms] [LOG] [Fast Refresh] done in 16ms @ http://localhost:3100/_next/static/chunks/node_modules_next_dist_1e8vcs8._.js:776
[ 1225587ms] [LOG] [Fast Refresh] done in 16ms @ http://localhost:3100/_next/static/chunks/node_modules_next_dist_1e8vcs8._.js:776
[ 1225649ms] [LOG] [Fast Refresh] done in 16ms @ http://localhost:3100/_next/static/chunks/node_modules_next_dist_1e8vcs8._.js:776
[ 1225710ms] [LOG] [Fast Refresh] done in 16ms @ http://localhost:3100/_next/static/chunks/node_modules_next_dist_1e8vcs8._.js:776
[ 1225772ms] [LOG] [Fast Refresh] done in 16ms @ http://localhost:3100/_next/static/chunks/node_modules_next_dist_1e8vcs8._.js:776
[ 1225833ms] [LOG] [Fast Refresh] done in 16ms @ http://localhost:3100/_next/static/chunks/node_modules_next_dist_1e8vcs8._.js:776
[ 1225895ms] [LOG] [Fast Refresh] done in 16ms @ http://localhost:3100/_next/static/chunks/node_modules_next_dist_1e8vcs8._.js:776
[ 1225988ms] [LOG] [Fast Refresh] done in 16ms @ http://localhost:3100/_next/static/chunks/node_modules_next_dist_1e8vcs8._.js:776
[ 1226048ms] [LOG] [Fast Refresh] done in 16ms @ http://localhost:3100/_next/static/chunks/node_modules_next_dist_1e8vcs8._.js:776
[ 1226109ms] [LOG] [Fast Refresh] done in 16ms @ http://localhost:3100/_next/static/chunks/node_modules_next_dist_1e8vcs8._.js:776
[ 1226171ms] [LOG] [Fast Refresh] done in 16ms @ http://localhost:3100/_next/static/chunks/node_modules_next_dist_1e8vcs8._.js:776
[ 1226233ms] [LOG] [Fast Refresh] done in 16ms @ http://localhost:3100/_next/static/chunks/node_modules_next_dist_1e8vcs8._.js:776
[ 1226295ms] [LOG] [Fast Refresh] done in 16ms @ http://localhost:3100/_next/static/chunks/node_modules_next_dist_1e8vcs8._.js:776
[ 1226356ms] [LOG] [Fast Refresh] done in 16ms @ http://localhost:3100/_next/static/chunks/node_modules_next_dist_1e8vcs8._.js:776
[ 1226418ms] [LOG] [Fast Refresh] done in 16ms @ http://localhost:3100/_next/static/chunks/node_modules_next_dist_1e8vcs8._.js:776
[ 1226480ms] [LOG] [Fast Refresh] done in 16ms @ http://localhost:3100/_next/static/chunks/node_modules_next_dist_1e8vcs8._.js:776
[ 1226542ms] [LOG] [Fast Refresh] done in 16ms @ http://localhost:3100/_next/static/chunks/node_modules_next_dist_1e8vcs8._.js:776
[ 1226604ms] [LOG] [Fast Refresh] done in 16ms @ http://localhost:3100/_next/static/chunks/node_modules_next_dist_1e8vcs8._.js:776
[ 1226665ms] [LOG] [Fast Refresh] done in 16ms @ http://localhost:3100/_next/static/chunks/node_modules_next_dist_1e8vcs8._.js:776
[ 1226726ms] [LOG] [Fast Refresh] done in 16ms @ http://localhost:3100/_next/static/chunks/node_modules_next_dist_1e8vcs8._.js:776
[ 1226788ms] [LOG] [Fast Refresh] done in 16ms @ http://localhost:3100/_next/static/chunks/node_modules_next_dist_1e8vcs8._.js:776
[ 1226849ms] [LOG] [Fast Refresh] done in 16ms @ http://localhost:3100/_next/static/chunks/node_modules_next_dist_1e8vcs8._.js:776
[ 1226912ms] [LOG] [Fast Refresh] done in 16ms @ http://localhost:3100/_next/static/chunks/node_modules_next_dist_1e8vcs8._.js:776
[ 1227229ms] [INFO] %cDownload the React DevTools for a better development experience: https://react.dev/link/react-devtools font-weight:bold @ http://localhost:3100/_next/static/chunks/node_modules_next_dist_1e8vcs8._.js:776
[ 1227248ms] [LOG] [HMR] connected @ http://localhost:3100/_next/static/chunks/node_modules_next_dist_1e8vcs8._.js:776
[ 1227617ms] [WARNING] GSAP target  not found. https://gsap.com @ http://localhost:3100/_next/static/chunks/node_modules_next_dist_1e8vcs8._.js:776
[ 1278935ms] [WARNING] Image with src "/assets/paul-hoeflich-pje-systems.webp" was detected as the Largest Contentful Paint (LCP). Please add the `loading="eager"` property if this image is above the fold.
Read more: https://nextjs.org/docs/app/api-reference/components/image#loading @ http://localhost:3100/_next/static/chunks/node_modules_next_dist_1e8vcs8._.js:776
[ 1321003ms] [LOG] [Fast Refresh] rebuilding @ http://localhost:3100/_next/static/chunks/node_modules_next_dist_1e8vcs8._.js:776
[ 1321166ms] [LOG] [Fast Refresh] done in 13ms @ http://localhost:3100/_next/static/chunks/node_modules_next_dist_1e8vcs8._.js:776
[ 1321224ms] [LOG] [Fast Refresh] done in 13ms @ http://localhost:3100/_next/static/chunks/node_modules_next_dist_1e8vcs8._.js:776
[ 1321285ms] [LOG] [Fast Refresh] done in 13ms @ http://localhost:3100/_next/static/chunks/node_modules_next_dist_1e8vcs8._.js:776
[ 1321347ms] [LOG] [Fast Refresh] done in 13ms @ http://localhost:3100/_next/static/chunks/node_modules_next_dist_1e8vcs8._.js:776
[ 1321408ms] [LOG] [Fast Refresh] done in 13ms @ http://localhost:3100/_next/static/chunks/node_modules_next_dist_1e8vcs8._.js:776
[ 1321471ms] [LOG] [Fast Refresh] done in 13ms @ http://localhost:3100/_next/static/chunks/node_modules_next_dist_1e8vcs8._.js:776
[ 1321532ms] [LOG] [Fast Refresh] done in 13ms @ http://localhost:3100/_next/static/chunks/node_modules_next_dist_1e8vcs8._.js:776
[ 1321593ms] [LOG] [Fast Refresh] done in 13ms @ http://localhost:3100/_next/static/chunks/node_modules_next_dist_1e8vcs8._.js:776
[ 1321655ms] [LOG] [Fast Refresh] done in 13ms @ http://localhost:3100/_next/static/chunks/node_modules_next_dist_1e8vcs8._.js:776
[ 1321716ms] [LOG] [Fast Refresh] done in 13ms @ http://localhost:3100/_next/static/chunks/node_modules_next_dist_1e8vcs8._.js:776
[ 1321777ms] [LOG] [Fast Refresh] done in 13ms @ http://localhost:3100/_next/static/chunks/node_modules_next_dist_1e8vcs8._.js:776
[ 1321839ms] [LOG] [Fast Refresh] done in 13ms @ http://localhost:3100/_next/static/chunks/node_modules_next_dist_1e8vcs8._.js:776
[ 1321901ms] [LOG] [Fast Refresh] done in 13ms @ http://localhost:3100/_next/static/chunks/node_modules_next_dist_1e8vcs8._.js:776
[ 1321962ms] [LOG] [Fast Refresh] done in 13ms @ http://localhost:3100/_next/static/chunks/node_modules_next_dist_1e8vcs8._.js:776
[ 1322024ms] [LOG] [Fast Refresh] done in 13ms @ http://localhost:3100/_next/static/chunks/node_modules_next_dist_1e8vcs8._.js:776
[ 1322085ms] [LOG] [Fast Refresh] done in 13ms @ http://localhost:3100/_next/static/chunks/node_modules_next_dist_1e8vcs8._.js:776
[ 1322146ms] [LOG] [Fast Refresh] done in 13ms @ http://localhost:3100/_next/static/chunks/node_modules_next_dist_1e8vcs8._.js:776
[ 1322208ms] [LOG] [Fast Refresh] done in 13ms @ http://localhost:3100/_next/static/chunks/node_modules_next_dist_1e8vcs8._.js:776
[ 1322269ms] [LOG] [Fast Refresh] done in 13ms @ http://localhost:3100/_next/static/chunks/node_modules_next_dist_1e8vcs8._.js:776
[ 1322331ms] [LOG] [Fast Refresh] done in 13ms @ http://localhost:3100/_next/static/chunks/node_modules_next_dist_1e8vcs8._.js:776
[ 1322392ms] [LOG] [Fast Refresh] done in 13ms @ http://localhost:3100/_next/static/chunks/node_modules_next_dist_1e8vcs8._.js:776
[ 1322454ms] [LOG] [Fast Refresh] done in 13ms @ http://localhost:3100/_next/static/chunks/node_modules_next_dist_1e8vcs8._.js:776
[ 1322515ms] [LOG] [Fast Refresh] done in 13ms @ http://localhost:3100/_next/static/chunks/node_modules_next_dist_1e8vcs8._.js:776
[ 1322577ms] [LOG] [Fast Refresh] done in 13ms @ http://localhost:3100/_next/static/chunks/node_modules_next_dist_1e8vcs8._.js:776
[ 1322639ms] [LOG] [Fast Refresh] done in 13ms @ http://localhost:3100/_next/static/chunks/node_modules_next_dist_1e8vcs8._.js:776
[ 1322700ms] [LOG] [Fast Refresh] done in 13ms @ http://localhost:3100/_next/static/chunks/node_modules_next_dist_1e8vcs8._.js:776
[ 1322761ms] [LOG] [Fast Refresh] done in 13ms @ http://localhost:3100/_next/static/chunks/node_modules_next_dist_1e8vcs8._.js:776
[ 1322822ms] [LOG] [Fast Refresh] done in 13ms @ http://localhost:3100/_next/static/chunks/node_modules_next_dist_1e8vcs8._.js:776
[ 1322883ms] [LOG] [Fast Refresh] done in 13ms @ http://localhost:3100/_next/static/chunks/node_modules_next_dist_1e8vcs8._.js:776
[ 1322945ms] [LOG] [Fast Refresh] done in 13ms @ http://localhost:3100/_next/static/chunks/node_modules_next_dist_1e8vcs8._.js:776
[ 1323006ms] [LOG] [Fast Refresh] done in 13ms @ http://localhost:3100/_next/static/chunks/node_modules_next_dist_1e8vcs8._.js:776
[ 1323069ms] [LOG] [Fast Refresh] done in 13ms @ http://localhost:3100/_next/static/chunks/node_modules_next_dist_1e8vcs8._.js:776
[ 1323130ms] [LOG] [Fast Refresh] done in 13ms @ http://localhost:3100/_next/static/chunks/node_modules_next_dist_1e8vcs8._.js:776
[ 1323191ms] [LOG] [Fast Refresh] done in 13ms @ http://localhost:3100/_next/static/chunks/node_modules_next_dist_1e8vcs8._.js:776
[ 1323253ms] [LOG] [Fast Refresh] done in 13ms @ http://localhost:3100/_next/static/chunks/node_modules_next_dist_1e8vcs8._.js:776
[ 1323315ms] [LOG] [Fast Refresh] done in 13ms @ http://localhost:3100/_next/static/chunks/node_modules_next_dist_1e8vcs8._.js:776
[ 1323376ms] [LOG] [Fast Refresh] done in 13ms @ http://localhost:3100/_next/static/chunks/node_modules_next_dist_1e8vcs8._.js:776
[ 1323438ms] [LOG] [Fast Refresh] done in 13ms @ http://localhost:3100/_next/static/chunks/node_modules_next_dist_1e8vcs8._.js:776
[ 1323500ms] [LOG] [Fast Refresh] done in 13ms @ http://localhost:3100/_next/static/chunks/node_modules_next_dist_1e8vcs8._.js:776
[ 1323562ms] [LOG] [Fast Refresh] done in 13ms @ http://localhost:3100/_next/static/chunks/node_modules_next_dist_1e8vcs8._.js:776
[ 1323623ms] [LOG] [Fast Refresh] done in 13ms @ http://localhost:3100/_next/static/chunks/node_modules_next_dist_1e8vcs8._.js:776
[ 1323684ms] [LOG] [Fast Refresh] done in 13ms @ http://localhost:3100/_next/static/chunks/node_modules_next_dist_1e8vcs8._.js:776
[ 1323745ms] [LOG] [Fast Refresh] done in 13ms @ http://localhost:3100/_next/static/chunks/node_modules_next_dist_1e8vcs8._.js:776
[ 1323807ms] [LOG] [Fast Refresh] done in 13ms @ http://localhost:3100/_next/static/chunks/node_modules_next_dist_1e8vcs8._.js:776
[ 1323868ms] [LOG] [Fast Refresh] done in 13ms @ http://localhost:3100/_next/static/chunks/node_modules_next_dist_1e8vcs8._.js:776
[ 1323930ms] [LOG] [Fast Refresh] done in 13ms @ http://localhost:3100/_next/static/chunks/node_modules_next_dist_1e8vcs8._.js:776
[ 1323991ms] [LOG] [Fast Refresh] done in 13ms @ http://localhost:3100/_next/static/chunks/node_modules_next_dist_1e8vcs8._.js:776
[ 1324053ms] [LOG] [Fast Refresh] done in 13ms @ http://localhost:3100/_next/static/chunks/node_modules_next_dist_1e8vcs8._.js:776
[ 1324114ms] [LOG] [Fast Refresh] done in 13ms @ http://localhost:3100/_next/static/chunks/node_modules_next_dist_1e8vcs8._.js:776
[ 1324174ms] [LOG] [Fast Refresh] done in 13ms @ http://localhost:3100/_next/static/chunks/node_modules_next_dist_1e8vcs8._.js:776
[ 1324236ms] [LOG] [Fast Refresh] done in 13ms @ http://localhost:3100/_next/static/chunks/node_modules_next_dist_1e8vcs8._.js:776
[ 1324298ms] [LOG] [Fast Refresh] done in 13ms @ http://localhost:3100/_next/static/chunks/node_modules_next_dist_1e8vcs8._.js:776
[ 1324360ms] [LOG] [Fast Refresh] done in 13ms @ http://localhost:3100/_next/static/chunks/node_modules_next_dist_1e8vcs8._.js:776
[ 1324421ms] [LOG] [Fast Refresh] done in 13ms @ http://localhost:3100/_next/static/chunks/node_modules_next_dist_1e8vcs8._.js:776
[ 1324483ms] [LOG] [Fast Refresh] done in 13ms @ http://localhost:3100/_next/static/chunks/node_modules_next_dist_1e8vcs8._.js:776
[ 1324544ms] [LOG] [Fast Refresh] done in 13ms @ http://localhost:3100/_next/static/chunks/node_modules_next_dist_1e8vcs8._.js:776
[ 1324606ms] [LOG] [Fast Refresh] done in 13ms @ http://localhost:3100/_next/static/chunks/node_modules_next_dist_1e8vcs8._.js:776
[ 1324667ms] [LOG] [Fast Refresh] done in 13ms @ http://localhost:3100/_next/static/chunks/node_modules_next_dist_1e8vcs8._.js:776
[ 1324729ms] [LOG] [Fast Refresh] done in 13ms @ http://localhost:3100/_next/static/chunks/node_modules_next_dist_1e8vcs8._.js:776
[ 1324790ms] [LOG] [Fast Refresh] done in 13ms @ http://localhost:3100/_next/static/chunks/node_modules_next_dist_1e8vcs8._.js:776
[ 1324852ms] [LOG] [Fast Refresh] done in 13ms @ http://localhost:3100/_next/static/chunks/node_modules_next_dist_1e8vcs8._.js:776
[ 1324913ms] [LOG] [Fast Refresh] done in 13ms @ http://localhost:3100/_next/static/chunks/node_modules_next_dist_1e8vcs8._.js:776
[ 1324974ms] [LOG] [Fast Refresh] done in 13ms @ http://localhost:3100/_next/static/chunks/node_modules_next_dist_1e8vcs8._.js:776
[ 1325035ms] [LOG] [Fast Refresh] done in 13ms @ http://localhost:3100/_next/static/chunks/node_modules_next_dist_1e8vcs8._.js:776
[ 1325097ms] [LOG] [Fast Refresh] done in 13ms @ http://localhost:3100/_next/static/chunks/node_modules_next_dist_1e8vcs8._.js:776
[ 1325158ms] [LOG] [Fast Refresh] done in 13ms @ http://localhost:3100/_next/static/chunks/node_modules_next_dist_1e8vcs8._.js:776
[ 1325220ms] [LOG] [Fast Refresh] done in 13ms @ http://localhost:3100/_next/static/chunks/node_modules_next_dist_1e8vcs8._.js:776
[ 1325282ms] [LOG] [Fast Refresh] done in 13ms @ http://localhost:3100/_next/static/chunks/node_modules_next_dist_1e8vcs8._.js:776
[ 1325343ms] [LOG] [Fast Refresh] done in 13ms @ http://localhost:3100/_next/static/chunks/node_modules_next_dist_1e8vcs8._.js:776
[ 1325405ms] [LOG] [Fast Refresh] done in 13ms @ http://localhost:3100/_next/static/chunks/node_modules_next_dist_1e8vcs8._.js:776
[ 1325466ms] [LOG] [Fast Refresh] done in 13ms @ http://localhost:3100/_next/static/chunks/node_modules_next_dist_1e8vcs8._.js:776
[ 1325527ms] [LOG] [Fast Refresh] done in 13ms @ http://localhost:3100/_next/static/chunks/node_modules_next_dist_1e8vcs8._.js:776
[ 1325589ms] [LOG] [Fast Refresh] done in 13ms @ http://localhost:3100/_next/static/chunks/node_modules_next_dist_1e8vcs8._.js:776
[ 1325650ms] [LOG] [Fast Refresh] done in 13ms @ http://localhost:3100/_next/static/chunks/node_modules_next_dist_1e8vcs8._.js:776
[ 1325712ms] [LOG] [Fast Refresh] done in 13ms @ http://localhost:3100/_next/static/chunks/node_modules_next_dist_1e8vcs8._.js:776
[ 1325773ms] [LOG] [Fast Refresh] done in 13ms @ http://localhost:3100/_next/static/chunks/node_modules_next_dist_1e8vcs8._.js:776
[ 1325834ms] [LOG] [Fast Refresh] done in 13ms @ http://localhost:3100/_next/static/chunks/node_modules_next_dist_1e8vcs8._.js:776
[ 1325895ms] [LOG] [Fast Refresh] done in 13ms @ http://localhost:3100/_next/static/chunks/node_modules_next_dist_1e8vcs8._.js:776
[ 1325956ms] [LOG] [Fast Refresh] done in 13ms @ http://localhost:3100/_next/static/chunks/node_modules_next_dist_1e8vcs8._.js:776
[ 1326017ms] [LOG] [Fast Refresh] done in 13ms @ http://localhost:3100/_next/static/chunks/node_modules_next_dist_1e8vcs8._.js:776
[ 1326078ms] [LOG] [Fast Refresh] done in 13ms @ http://localhost:3100/_next/static/chunks/node_modules_next_dist_1e8vcs8._.js:776
[ 1326140ms] [LOG] [Fast Refresh] done in 13ms @ http://localhost:3100/_next/static/chunks/node_modules_next_dist_1e8vcs8._.js:776
[ 1326201ms] [LOG] [Fast Refresh] done in 13ms @ http://localhost:3100/_next/static/chunks/node_modules_next_dist_1e8vcs8._.js:776
[ 1326263ms] [LOG] [Fast Refresh] done in 13ms @ http://localhost:3100/_next/static/chunks/node_modules_next_dist_1e8vcs8._.js:776
[ 1326324ms] [LOG] [Fast Refresh] done in 13ms @ http://localhost:3100/_next/static/chunks/node_modules_next_dist_1e8vcs8._.js:776
[ 1326386ms] [LOG] [Fast Refresh] done in 13ms @ http://localhost:3100/_next/static/chunks/node_modules_next_dist_1e8vcs8._.js:776
[ 1326447ms] [LOG] [Fast Refresh] done in 13ms @ http://localhost:3100/_next/static/chunks/node_modules_next_dist_1e8vcs8._.js:776
[ 1326508ms] [LOG] [Fast Refresh] done in 13ms @ http://localhost:3100/_next/static/chunks/node_modules_next_dist_1e8vcs8._.js:776
[ 1326570ms] [LOG] [Fast Refresh] done in 13ms @ http://localhost:3100/_next/static/chunks/node_modules_next_dist_1e8vcs8._.js:776
[ 1326631ms] [LOG] [Fast Refresh] done in 13ms @ http://localhost:3100/_next/static/chunks/node_modules_next_dist_1e8vcs8._.js:776
[ 1326692ms] [LOG] [Fast Refresh] done in 13ms @ http://localhost:3100/_next/static/chunks/node_modules_next_dist_1e8vcs8._.js:776
[ 1326754ms] [LOG] [Fast Refresh] done in 13ms @ http://localhost:3100/_next/static/chunks/node_modules_next_dist_1e8vcs8._.js:776
[ 1326816ms] [LOG] [Fast Refresh] done in 13ms @ http://localhost:3100/_next/static/chunks/node_modules_next_dist_1e8vcs8._.js:776
[ 1326877ms] [LOG] [Fast Refresh] done in 13ms @ http://localhost:3100/_next/static/chunks/node_modules_next_dist_1e8vcs8._.js:776
[ 1326939ms] [LOG] [Fast Refresh] done in 13ms @ http://localhost:3100/_next/static/chunks/node_modules_next_dist_1e8vcs8._.js:776
[ 1327000ms] [LOG] [Fast Refresh] done in 13ms @ http://localhost:3100/_next/static/chunks/node_modules_next_dist_1e8vcs8._.js:776
[ 1327061ms] [LOG] [Fast Refresh] done in 13ms @ http://localhost:3100/_next/static/chunks/node_modules_next_dist_1e8vcs8._.js:776
[ 1327123ms] [LOG] [Fast Refresh] done in 13ms @ http://localhost:3100/_next/static/chunks/node_modules_next_dist_1e8vcs8._.js:776
[ 1327186ms] [LOG] [Fast Refresh] done in 13ms @ http://localhost:3100/_next/static/chunks/node_modules_next_dist_1e8vcs8._.js:776
[ 1327247ms] [LOG] [Fast Refresh] done in 13ms @ http://localhost:3100/_next/static/chunks/node_modules_next_dist_1e8vcs8._.js:776
[ 1327308ms] [LOG] [Fast Refresh] done in 13ms @ http://localhost:3100/_next/static/chunks/node_modules_next_dist_1e8vcs8._.js:776
[ 1327369ms] [LOG] [Fast Refresh] done in 13ms @ http://localhost:3100/_next/static/chunks/node_modules_next_dist_1e8vcs8._.js:776
[ 1327431ms] [LOG] [Fast Refresh] done in 13ms @ http://localhost:3100/_next/static/chunks/node_modules_next_dist_1e8vcs8._.js:776
[ 1327493ms] [LOG] [Fast Refresh] done in 13ms @ http://localhost:3100/_next/static/chunks/node_modules_next_dist_1e8vcs8._.js:776
[ 1327554ms] [LOG] [Fast Refresh] done in 13ms @ http://localhost:3100/_next/static/chunks/node_modules_next_dist_1e8vcs8._.js:776
[ 1327616ms] [LOG] [Fast Refresh] done in 13ms @ http://localhost:3100/_next/static/chunks/node_modules_next_dist_1e8vcs8._.js:776
[ 1327677ms] [LOG] [Fast Refresh] done in 13ms @ http://localhost:3100/_next/static/chunks/node_modules_next_dist_1e8vcs8._.js:776
[ 1327739ms] [LOG] [Fast Refresh] done in 13ms @ http://localhost:3100/_next/static/chunks/node_modules_next_dist_1e8vcs8._.js:776
[ 1327800ms] [LOG] [Fast Refresh] done in 13ms @ http://localhost:3100/_next/static/chunks/node_modules_next_dist_1e8vcs8._.js:776
[ 1327862ms] [LOG] [Fast Refresh] done in 13ms @ http://localhost:3100/_next/static/chunks/node_modules_next_dist_1e8vcs8._.js:776
[ 1327924ms] [LOG] [Fast Refresh] done in 13ms @ http://localhost:3100/_next/static/chunks/node_modules_next_dist_1e8vcs8._.js:776
[ 1327986ms] [LOG] [Fast Refresh] done in 13ms @ http://localhost:3100/_next/static/chunks/node_modules_next_dist_1e8vcs8._.js:776
[ 1328047ms] [LOG] [Fast Refresh] done in 13ms @ http://localhost:3100/_next/static/chunks/node_modules_next_dist_1e8vcs8._.js:776
[ 1328108ms] [LOG] [Fast Refresh] done in 13ms @ http://localhost:3100/_next/static/chunks/node_modules_next_dist_1e8vcs8._.js:776
[ 1328169ms] [LOG] [Fast Refresh] done in 13ms @ http://localhost:3100/_next/static/chunks/node_modules_next_dist_1e8vcs8._.js:776
[ 1328231ms] [LOG] [Fast Refresh] done in 13ms @ http://localhost:3100/_next/static/chunks/node_modules_next_dist_1e8vcs8._.js:776
[ 1328292ms] [LOG] [Fast Refresh] done in 13ms @ http://localhost:3100/_next/static/chunks/node_modules_next_dist_1e8vcs8._.js:776
[ 1328353ms] [LOG] [Fast Refresh] done in 13ms @ http://localhost:3100/_next/static/chunks/node_modules_next_dist_1e8vcs8._.js:776
[ 1328414ms] [LOG] [Fast Refresh] done in 13ms @ http://localhost:3100/_next/static/chunks/node_modules_next_dist_1e8vcs8._.js:776
[ 1328476ms] [LOG] [Fast Refresh] done in 13ms @ http://localhost:3100/_next/static/chunks/node_modules_next_dist_1e8vcs8._.js:776
[ 1328570ms] [LOG] [Fast Refresh] done in 13ms @ http://localhost:3100/_next/static/chunks/node_modules_next_dist_1e8vcs8._.js:776
[ 1328883ms] [INFO] %cDownload the React DevTools for a better development experience: https://react.dev/link/react-devtools font-weight:bold @ http://localhost:3100/_next/static/chunks/node_modules_next_dist_1e8vcs8._.js:776
[ 1328920ms] [LOG] [HMR] connected @ http://localhost:3100/_next/static/chunks/node_modules_next_dist_1e8vcs8._.js:776
[ 1333407ms] [WARNING] Image with src "/assets/arbeitsplatz-pje-systems-wolnzach.webp" was detected as the Largest Contentful Paint (LCP). Please add the `loading="eager"` property if this image is above the fold.
Read more: https://nextjs.org/docs/app/api-reference/components/image#loading @ http://localhost:3100/_next/static/chunks/node_modules_next_dist_1e8vcs8._.js:776
[ 1381879ms] [LOG] [Fast Refresh] rebuilding @ http://localhost:3100/_next/static/chunks/node_modules_next_dist_1e8vcs8._.js:776
[ 1382057ms] [LOG] [Fast Refresh] done in 23ms @ http://localhost:3100/_next/static/chunks/node_modules_next_dist_1e8vcs8._.js:776
[ 1382146ms] [INFO] %cDownload the React DevTools for a better development experience: https://react.dev/link/react-devtools font-weight:bold @ http://localhost:3100/_next/static/chunks/node_modules_next_dist_1e8vcs8._.js:776
[ 1382180ms] [LOG] [HMR] connected @ http://localhost:3100/_next/static/chunks/node_modules_next_dist_1e8vcs8._.js:776
[ 1475588ms] [LOG] [Fast Refresh] rebuilding @ http://localhost:3100/_next/static/chunks/node_modules_next_dist_1e8vcs8._.js:776
[ 1475761ms] [LOG] [Fast Refresh] done in 15ms @ http://localhost:3100/_next/static/chunks/node_modules_next_dist_1e8vcs8._.js:776
[ 1475823ms] [LOG] [Fast Refresh] done in 15ms @ http://localhost:3100/_next/static/chunks/node_modules_next_dist_1e8vcs8._.js:776
[ 1475884ms] [LOG] [Fast Refresh] done in 15ms @ http://localhost:3100/_next/static/chunks/node_modules_next_dist_1e8vcs8._.js:776
[ 1475946ms] [LOG] [Fast Refresh] done in 15ms @ http://localhost:3100/_next/static/chunks/node_modules_next_dist_1e8vcs8._.js:776
[ 1476007ms] [LOG] [Fast Refresh] done in 15ms @ http://localhost:3100/_next/static/chunks/node_modules_next_dist_1e8vcs8._.js:776
[ 1476069ms] [LOG] [Fast Refresh] done in 15ms @ http://localhost:3100/_next/static/chunks/node_modules_next_dist_1e8vcs8._.js:776
[ 1476131ms] [LOG] [Fast Refresh] done in 15ms @ http://localhost:3100/_next/static/chunks/node_modules_next_dist_1e8vcs8._.js:776
[ 1476192ms] [LOG] [Fast Refresh] done in 15ms @ http://localhost:3100/_next/static/chunks/node_modules_next_dist_1e8vcs8._.js:776
[ 1476254ms] [LOG] [Fast Refresh] done in 15ms @ http://localhost:3100/_next/static/chunks/node_modules_next_dist_1e8vcs8._.js:776
[ 1476316ms] [LOG] [Fast Refresh] done in 15ms @ http://localhost:3100/_next/static/chunks/node_modules_next_dist_1e8vcs8._.js:776
[ 1476377ms] [LOG] [Fast Refresh] done in 15ms @ http://localhost:3100/_next/static/chunks/node_modules_next_dist_1e8vcs8._.js:776
[ 1476437ms] [LOG] [Fast Refresh] done in 15ms @ http://localhost:3100/_next/static/chunks/node_modules_next_dist_1e8vcs8._.js:776
[ 1476499ms] [LOG] [Fast Refresh] done in 15ms @ http://localhost:3100/_next/static/chunks/node_modules_next_dist_1e8vcs8._.js:776
[ 1476560ms] [LOG] [Fast Refresh] done in 15ms @ http://localhost:3100/_next/static/chunks/node_modules_next_dist_1e8vcs8._.js:776
[ 1476622ms] [LOG] [Fast Refresh] done in 15ms @ http://localhost:3100/_next/static/chunks/node_modules_next_dist_1e8vcs8._.js:776
[ 1476683ms] [LOG] [Fast Refresh] done in 15ms @ http://localhost:3100/_next/static/chunks/node_modules_next_dist_1e8vcs8._.js:776
[ 1476745ms] [LOG] [Fast Refresh] done in 15ms @ http://localhost:3100/_next/static/chunks/node_modules_next_dist_1e8vcs8._.js:776
[ 1476807ms] [LOG] [Fast Refresh] done in 15ms @ http://localhost:3100/_next/static/chunks/node_modules_next_dist_1e8vcs8._.js:776
[ 1476868ms] [LOG] [Fast Refresh] done in 15ms @ http://localhost:3100/_next/static/chunks/node_modules_next_dist_1e8vcs8._.js:776
[ 1476929ms] [LOG] [Fast Refresh] done in 15ms @ http://localhost:3100/_next/static/chunks/node_modules_next_dist_1e8vcs8._.js:776
[ 1476991ms] [LOG] [Fast Refresh] done in 15ms @ http://localhost:3100/_next/static/chunks/node_modules_next_dist_1e8vcs8._.js:776
[ 1477052ms] [LOG] [Fast Refresh] done in 15ms @ http://localhost:3100/_next/static/chunks/node_modules_next_dist_1e8vcs8._.js:776
[ 1477114ms] [LOG] [Fast Refresh] done in 15ms @ http://localhost:3100/_next/static/chunks/node_modules_next_dist_1e8vcs8._.js:776
[ 1477175ms] [LOG] [Fast Refresh] done in 15ms @ http://localhost:3100/_next/static/chunks/node_modules_next_dist_1e8vcs8._.js:776
[ 1477237ms] [LOG] [Fast Refresh] done in 15ms @ http://localhost:3100/_next/static/chunks/node_modules_next_dist_1e8vcs8._.js:776
[ 1477299ms] [LOG] [Fast Refresh] done in 15ms @ http://localhost:3100/_next/static/chunks/node_modules_next_dist_1e8vcs8._.js:776
[ 1477360ms] [LOG] [Fast Refresh] done in 15ms @ http://localhost:3100/_next/static/chunks/node_modules_next_dist_1e8vcs8._.js:776
[ 1477421ms] [LOG] [Fast Refresh] done in 15ms @ http://localhost:3100/_next/static/chunks/node_modules_next_dist_1e8vcs8._.js:776
[ 1477483ms] [LOG] [Fast Refresh] done in 15ms @ http://localhost:3100/_next/static/chunks/node_modules_next_dist_1e8vcs8._.js:776
[ 1477543ms] [LOG] [Fast Refresh] done in 15ms @ http://localhost:3100/_next/static/chunks/node_modules_next_dist_1e8vcs8._.js:776
[ 1477605ms] [LOG] [Fast Refresh] done in 15ms @ http://localhost:3100/_next/static/chunks/node_modules_next_dist_1e8vcs8._.js:776
[ 1477667ms] [LOG] [Fast Refresh] done in 15ms @ http://localhost:3100/_next/static/chunks/node_modules_next_dist_1e8vcs8._.js:776
[ 1477728ms] [LOG] [Fast Refresh] done in 15ms @ http://localhost:3100/_next/static/chunks/node_modules_next_dist_1e8vcs8._.js:776
[ 1477790ms] [LOG] [Fast Refresh] done in 15ms @ http://localhost:3100/_next/static/chunks/node_modules_next_dist_1e8vcs8._.js:776
[ 1477852ms] [LOG] [Fast Refresh] done in 15ms @ http://localhost:3100/_next/static/chunks/node_modules_next_dist_1e8vcs8._.js:776
[ 1477913ms] [LOG] [Fast Refresh] done in 15ms @ http://localhost:3100/_next/static/chunks/node_modules_next_dist_1e8vcs8._.js:776
[ 1477974ms] [LOG] [Fast Refresh] done in 15ms @ http://localhost:3100/_next/static/chunks/node_modules_next_dist_1e8vcs8._.js:776
[ 1478035ms] [LOG] [Fast Refresh] done in 15ms @ http://localhost:3100/_next/static/chunks/node_modules_next_dist_1e8vcs8._.js:776
[ 1478097ms] [LOG] [Fast Refresh] done in 15ms @ http://localhost:3100/_next/static/chunks/node_modules_next_dist_1e8vcs8._.js:776
[ 1478158ms] [LOG] [Fast Refresh] done in 15ms @ http://localhost:3100/_next/static/chunks/node_modules_next_dist_1e8vcs8._.js:776
[ 1478219ms] [LOG] [Fast Refresh] done in 15ms @ http://localhost:3100/_next/static/chunks/node_modules_next_dist_1e8vcs8._.js:776
[ 1478281ms] [LOG] [Fast Refresh] done in 15ms @ http://localhost:3100/_next/static/chunks/node_modules_next_dist_1e8vcs8._.js:776
[ 1478343ms] [LOG] [Fast Refresh] done in 15ms @ http://localhost:3100/_next/static/chunks/node_modules_next_dist_1e8vcs8._.js:776
[ 1478405ms] [LOG] [Fast Refresh] done in 15ms @ http://localhost:3100/_next/static/chunks/node_modules_next_dist_1e8vcs8._.js:776
[ 1478466ms] [LOG] [Fast Refresh] done in 15ms @ http://localhost:3100/_next/static/chunks/node_modules_next_dist_1e8vcs8._.js:776
[ 1478528ms] [LOG] [Fast Refresh] done in 15ms @ http://localhost:3100/_next/static/chunks/node_modules_next_dist_1e8vcs8._.js:776
[ 1478589ms] [LOG] [Fast Refresh] done in 15ms @ http://localhost:3100/_next/static/chunks/node_modules_next_dist_1e8vcs8._.js:776
[ 1478651ms] [LOG] [Fast Refresh] done in 15ms @ http://localhost:3100/_next/static/chunks/node_modules_next_dist_1e8vcs8._.js:776
[ 1478712ms] [LOG] [Fast Refresh] done in 15ms @ http://localhost:3100/_next/static/chunks/node_modules_next_dist_1e8vcs8._.js:776
[ 1478773ms] [LOG] [Fast Refresh] done in 15ms @ http://localhost:3100/_next/static/chunks/node_modules_next_dist_1e8vcs8._.js:776
[ 1478835ms] [LOG] [Fast Refresh] done in 15ms @ http://localhost:3100/_next/static/chunks/node_modules_next_dist_1e8vcs8._.js:776
[ 1478896ms] [LOG] [Fast Refresh] done in 15ms @ http://localhost:3100/_next/static/chunks/node_modules_next_dist_1e8vcs8._.js:776
[ 1478957ms] [LOG] [Fast Refresh] done in 15ms @ http://localhost:3100/_next/static/chunks/node_modules_next_dist_1e8vcs8._.js:776
[ 1479019ms] [LOG] [Fast Refresh] done in 15ms @ http://localhost:3100/_next/static/chunks/node_modules_next_dist_1e8vcs8._.js:776
[ 1479080ms] [LOG] [Fast Refresh] done in 15ms @ http://localhost:3100/_next/static/chunks/node_modules_next_dist_1e8vcs8._.js:776
[ 1479141ms] [LOG] [Fast Refresh] done in 15ms @ http://localhost:3100/_next/static/chunks/node_modules_next_dist_1e8vcs8._.js:776
[ 1479202ms] [LOG] [Fast Refresh] done in 15ms @ http://localhost:3100/_next/static/chunks/node_modules_next_dist_1e8vcs8._.js:776
[ 1479264ms] [LOG] [Fast Refresh] done in 15ms @ http://localhost:3100/_next/static/chunks/node_modules_next_dist_1e8vcs8._.js:776
[ 1479325ms] [LOG] [Fast Refresh] done in 15ms @ http://localhost:3100/_next/static/chunks/node_modules_next_dist_1e8vcs8._.js:776
[ 1479386ms] [LOG] [Fast Refresh] done in 15ms @ http://localhost:3100/_next/static/chunks/node_modules_next_dist_1e8vcs8._.js:776
[ 1479448ms] [LOG] [Fast Refresh] done in 15ms @ http://localhost:3100/_next/static/chunks/node_modules_next_dist_1e8vcs8._.js:776
[ 1479509ms] [LOG] [Fast Refresh] done in 15ms @ http://localhost:3100/_next/static/chunks/node_modules_next_dist_1e8vcs8._.js:776
[ 1479571ms] [LOG] [Fast Refresh] done in 15ms @ http://localhost:3100/_next/static/chunks/node_modules_next_dist_1e8vcs8._.js:776
[ 1479633ms] [LOG] [Fast Refresh] done in 15ms @ http://localhost:3100/_next/static/chunks/node_modules_next_dist_1e8vcs8._.js:776
[ 1479695ms] [LOG] [Fast Refresh] done in 15ms @ http://localhost:3100/_next/static/chunks/node_modules_next_dist_1e8vcs8._.js:776
[ 1479756ms] [LOG] [Fast Refresh] done in 15ms @ http://localhost:3100/_next/static/chunks/node_modules_next_dist_1e8vcs8._.js:776
[ 1479817ms] [LOG] [Fast Refresh] done in 15ms @ http://localhost:3100/_next/static/chunks/node_modules_next_dist_1e8vcs8._.js:776
[ 1479879ms] [LOG] [Fast Refresh] done in 15ms @ http://localhost:3100/_next/static/chunks/node_modules_next_dist_1e8vcs8._.js:776
[ 1479941ms] [LOG] [Fast Refresh] done in 15ms @ http://localhost:3100/_next/static/chunks/node_modules_next_dist_1e8vcs8._.js:776
[ 1480002ms] [LOG] [Fast Refresh] done in 15ms @ http://localhost:3100/_next/static/chunks/node_modules_next_dist_1e8vcs8._.js:776
[ 1480064ms] [LOG] [Fast Refresh] done in 15ms @ http://localhost:3100/_next/static/chunks/node_modules_next_dist_1e8vcs8._.js:776
[ 1480125ms] [LOG] [Fast Refresh] done in 15ms @ http://localhost:3100/_next/static/chunks/node_modules_next_dist_1e8vcs8._.js:776
[ 1480187ms] [LOG] [Fast Refresh] done in 15ms @ http://localhost:3100/_next/static/chunks/node_modules_next_dist_1e8vcs8._.js:776
[ 1480249ms] [LOG] [Fast Refresh] done in 15ms @ http://localhost:3100/_next/static/chunks/node_modules_next_dist_1e8vcs8._.js:776
[ 1480309ms] [LOG] [Fast Refresh] done in 15ms @ http://localhost:3100/_next/static/chunks/node_modules_next_dist_1e8vcs8._.js:776
[ 1480371ms] [LOG] [Fast Refresh] done in 15ms @ http://localhost:3100/_next/static/chunks/node_modules_next_dist_1e8vcs8._.js:776
[ 1480432ms] [LOG] [Fast Refresh] done in 15ms @ http://localhost:3100/_next/static/chunks/node_modules_next_dist_1e8vcs8._.js:776
[ 1480493ms] [LOG] [Fast Refresh] done in 15ms @ http://localhost:3100/_next/static/chunks/node_modules_next_dist_1e8vcs8._.js:776
[ 1480555ms] [LOG] [Fast Refresh] done in 15ms @ http://localhost:3100/_next/static/chunks/node_modules_next_dist_1e8vcs8._.js:776
[ 1480617ms] [LOG] [Fast Refresh] done in 15ms @ http://localhost:3100/_next/static/chunks/node_modules_next_dist_1e8vcs8._.js:776
[ 1480678ms] [LOG] [Fast Refresh] done in 15ms @ http://localhost:3100/_next/static/chunks/node_modules_next_dist_1e8vcs8._.js:776
[ 1480740ms] [LOG] [Fast Refresh] done in 15ms @ http://localhost:3100/_next/static/chunks/node_modules_next_dist_1e8vcs8._.js:776
[ 1480800ms] [LOG] [Fast Refresh] done in 15ms @ http://localhost:3100/_next/static/chunks/node_modules_next_dist_1e8vcs8._.js:776
[ 1480862ms] [LOG] [Fast Refresh] done in 15ms @ http://localhost:3100/_next/static/chunks/node_modules_next_dist_1e8vcs8._.js:776
[ 1480923ms] [LOG] [Fast Refresh] done in 15ms @ http://localhost:3100/_next/static/chunks/node_modules_next_dist_1e8vcs8._.js:776
[ 1480984ms] [LOG] [Fast Refresh] done in 15ms @ http://localhost:3100/_next/static/chunks/node_modules_next_dist_1e8vcs8._.js:776
[ 1481045ms] [LOG] [Fast Refresh] done in 15ms @ http://localhost:3100/_next/static/chunks/node_modules_next_dist_1e8vcs8._.js:776
[ 1481107ms] [LOG] [Fast Refresh] done in 15ms @ http://localhost:3100/_next/static/chunks/node_modules_next_dist_1e8vcs8._.js:776
[ 1481169ms] [LOG] [Fast Refresh] done in 15ms @ http://localhost:3100/_next/static/chunks/node_modules_next_dist_1e8vcs8._.js:776
[ 1481230ms] [LOG] [Fast Refresh] done in 15ms @ http://localhost:3100/_next/static/chunks/node_modules_next_dist_1e8vcs8._.js:776
[ 1481292ms] [LOG] [Fast Refresh] done in 15ms @ http://localhost:3100/_next/static/chunks/node_modules_next_dist_1e8vcs8._.js:776
[ 1481354ms] [LOG] [Fast Refresh] done in 15ms @ http://localhost:3100/_next/static/chunks/node_modules_next_dist_1e8vcs8._.js:776
[ 1481415ms] [LOG] [Fast Refresh] done in 15ms @ http://localhost:3100/_next/static/chunks/node_modules_next_dist_1e8vcs8._.js:776
[ 1481477ms] [LOG] [Fast Refresh] done in 15ms @ http://localhost:3100/_next/static/chunks/node_modules_next_dist_1e8vcs8._.js:776
[ 1481538ms] [LOG] [Fast Refresh] done in 15ms @ http://localhost:3100/_next/static/chunks/node_modules_next_dist_1e8vcs8._.js:776
[ 1481600ms] [LOG] [Fast Refresh] done in 15ms @ http://localhost:3100/_next/static/chunks/node_modules_next_dist_1e8vcs8._.js:776
[ 1481661ms] [LOG] [Fast Refresh] done in 15ms @ http://localhost:3100/_next/static/chunks/node_modules_next_dist_1e8vcs8._.js:776
[ 1481723ms] [LOG] [Fast Refresh] done in 15ms @ http://localhost:3100/_next/static/chunks/node_modules_next_dist_1e8vcs8._.js:776
[ 1481784ms] [LOG] [Fast Refresh] done in 15ms @ http://localhost:3100/_next/static/chunks/node_modules_next_dist_1e8vcs8._.js:776
[ 1481846ms] [LOG] [Fast Refresh] done in 15ms @ http://localhost:3100/_next/static/chunks/node_modules_next_dist_1e8vcs8._.js:776
[ 1481907ms] [LOG] [Fast Refresh] done in 15ms @ http://localhost:3100/_next/static/chunks/node_modules_next_dist_1e8vcs8._.js:776
[ 1481969ms] [LOG] [Fast Refresh] done in 15ms @ http://localhost:3100/_next/static/chunks/node_modules_next_dist_1e8vcs8._.js:776
[ 1482030ms] [LOG] [Fast Refresh] done in 15ms @ http://localhost:3100/_next/static/chunks/node_modules_next_dist_1e8vcs8._.js:776
[ 1482091ms] [LOG] [Fast Refresh] done in 15ms @ http://localhost:3100/_next/static/chunks/node_modules_next_dist_1e8vcs8._.js:776
[ 1482153ms] [LOG] [Fast Refresh] done in 15ms @ http://localhost:3100/_next/static/chunks/node_modules_next_dist_1e8vcs8._.js:776
[ 1482214ms] [LOG] [Fast Refresh] done in 15ms @ http://localhost:3100/_next/static/chunks/node_modules_next_dist_1e8vcs8._.js:776
[ 1482276ms] [LOG] [Fast Refresh] done in 15ms @ http://localhost:3100/_next/static/chunks/node_modules_next_dist_1e8vcs8._.js:776
[ 1482337ms] [LOG] [Fast Refresh] done in 15ms @ http://localhost:3100/_next/static/chunks/node_modules_next_dist_1e8vcs8._.js:776
[ 1482399ms] [LOG] [Fast Refresh] done in 15ms @ http://localhost:3100/_next/static/chunks/node_modules_next_dist_1e8vcs8._.js:776
[ 1482460ms] [LOG] [Fast Refresh] done in 15ms @ http://localhost:3100/_next/static/chunks/node_modules_next_dist_1e8vcs8._.js:776
[ 1482521ms] [LOG] [Fast Refresh] done in 15ms @ http://localhost:3100/_next/static/chunks/node_modules_next_dist_1e8vcs8._.js:776
[ 1482583ms] [LOG] [Fast Refresh] done in 15ms @ http://localhost:3100/_next/static/chunks/node_modules_next_dist_1e8vcs8._.js:776
[ 1482644ms] [LOG] [Fast Refresh] done in 15ms @ http://localhost:3100/_next/static/chunks/node_modules_next_dist_1e8vcs8._.js:776
[ 1482706ms] [LOG] [Fast Refresh] done in 15ms @ http://localhost:3100/_next/static/chunks/node_modules_next_dist_1e8vcs8._.js:776
[ 1482767ms] [LOG] [Fast Refresh] done in 15ms @ http://localhost:3100/_next/static/chunks/node_modules_next_dist_1e8vcs8._.js:776
[ 1482830ms] [LOG] [Fast Refresh] done in 15ms @ http://localhost:3100/_next/static/chunks/node_modules_next_dist_1e8vcs8._.js:776
[ 1482891ms] [LOG] [Fast Refresh] done in 15ms @ http://localhost:3100/_next/static/chunks/node_modules_next_dist_1e8vcs8._.js:776
[ 1482952ms] [LOG] [Fast Refresh] done in 15ms @ http://localhost:3100/_next/static/chunks/node_modules_next_dist_1e8vcs8._.js:776
[ 1483013ms] [LOG] [Fast Refresh] done in 15ms @ http://localhost:3100/_next/static/chunks/node_modules_next_dist_1e8vcs8._.js:776
[ 1483075ms] [LOG] [Fast Refresh] done in 15ms @ http://localhost:3100/_next/static/chunks/node_modules_next_dist_1e8vcs8._.js:776
[ 1483136ms] [LOG] [Fast Refresh] done in 15ms @ http://localhost:3100/_next/static/chunks/node_modules_next_dist_1e8vcs8._.js:776
[ 1483198ms] [LOG] [Fast Refresh] done in 15ms @ http://localhost:3100/_next/static/chunks/node_modules_next_dist_1e8vcs8._.js:776
[ 1483259ms] [LOG] [Fast Refresh] done in 15ms @ http://localhost:3100/_next/static/chunks/node_modules_next_dist_1e8vcs8._.js:776
[ 1483320ms] [LOG] [Fast Refresh] done in 15ms @ http://localhost:3100/_next/static/chunks/node_modules_next_dist_1e8vcs8._.js:776
[ 1483381ms] [LOG] [Fast Refresh] done in 15ms @ http://localhost:3100/_next/static/chunks/node_modules_next_dist_1e8vcs8._.js:776
[ 1483442ms] [LOG] [Fast Refresh] done in 15ms @ http://localhost:3100/_next/static/chunks/node_modules_next_dist_1e8vcs8._.js:776
[ 1483504ms] [LOG] [Fast Refresh] done in 15ms @ http://localhost:3100/_next/static/chunks/node_modules_next_dist_1e8vcs8._.js:776
[ 1483566ms] [LOG] [Fast Refresh] done in 15ms @ http://localhost:3100/_next/static/chunks/node_modules_next_dist_1e8vcs8._.js:776
[ 1483627ms] [LOG] [Fast Refresh] done in 15ms @ http://localhost:3100/_next/static/chunks/node_modules_next_dist_1e8vcs8._.js:776
[ 1483688ms] [LOG] [Fast Refresh] done in 15ms @ http://localhost:3100/_next/static/chunks/node_modules_next_dist_1e8vcs8._.js:776
[ 1483750ms] [LOG] [Fast Refresh] done in 15ms @ http://localhost:3100/_next/static/chunks/node_modules_next_dist_1e8vcs8._.js:776
[ 1483811ms] [LOG] [Fast Refresh] done in 15ms @ http://localhost:3100/_next/static/chunks/node_modules_next_dist_1e8vcs8._.js:776
[ 1483873ms] [LOG] [Fast Refresh] done in 15ms @ http://localhost:3100/_next/static/chunks/node_modules_next_dist_1e8vcs8._.js:776
[ 1483934ms] [LOG] [Fast Refresh] done in 15ms @ http://localhost:3100/_next/static/chunks/node_modules_next_dist_1e8vcs8._.js:776
[ 1483995ms] [LOG] [Fast Refresh] done in 15ms @ http://localhost:3100/_next/static/chunks/node_modules_next_dist_1e8vcs8._.js:776
[ 1484057ms] [LOG] [Fast Refresh] done in 15ms @ http://localhost:3100/_next/static/chunks/node_modules_next_dist_1e8vcs8._.js:776
[ 1484118ms] [LOG] [Fast Refresh] done in 15ms @ http://localhost:3100/_next/static/chunks/node_modules_next_dist_1e8vcs8._.js:776
[ 1484179ms] [LOG] [Fast Refresh] done in 15ms @ http://localhost:3100/_next/static/chunks/node_modules_next_dist_1e8vcs8._.js:776
[ 1484241ms] [LOG] [Fast Refresh] done in 15ms @ http://localhost:3100/_next/static/chunks/node_modules_next_dist_1e8vcs8._.js:776
[ 1484303ms] [LOG] [Fast Refresh] done in 15ms @ http://localhost:3100/_next/static/chunks/node_modules_next_dist_1e8vcs8._.js:776
[ 1484365ms] [LOG] [Fast Refresh] done in 15ms @ http://localhost:3100/_next/static/chunks/node_modules_next_dist_1e8vcs8._.js:776
[ 1484427ms] [LOG] [Fast Refresh] done in 15ms @ http://localhost:3100/_next/static/chunks/node_modules_next_dist_1e8vcs8._.js:776
[ 1484488ms] [LOG] [Fast Refresh] done in 15ms @ http://localhost:3100/_next/static/chunks/node_modules_next_dist_1e8vcs8._.js:776
[ 1484549ms] [LOG] [Fast Refresh] done in 15ms @ http://localhost:3100/_next/static/chunks/node_modules_next_dist_1e8vcs8._.js:776
[ 1484610ms] [LOG] [Fast Refresh] done in 15ms @ http://localhost:3100/_next/static/chunks/node_modules_next_dist_1e8vcs8._.js:776
[ 1484673ms] [LOG] [Fast Refresh] done in 15ms @ http://localhost:3100/_next/static/chunks/node_modules_next_dist_1e8vcs8._.js:776
[ 1484734ms] [LOG] [Fast Refresh] done in 15ms @ http://localhost:3100/_next/static/chunks/node_modules_next_dist_1e8vcs8._.js:776
[ 1484795ms] [LOG] [Fast Refresh] done in 15ms @ http://localhost:3100/_next/static/chunks/node_modules_next_dist_1e8vcs8._.js:776
[ 1484857ms] [LOG] [Fast Refresh] done in 15ms @ http://localhost:3100/_next/static/chunks/node_modules_next_dist_1e8vcs8._.js:776
[ 1484918ms] [LOG] [Fast Refresh] done in 15ms @ http://localhost:3100/_next/static/chunks/node_modules_next_dist_1e8vcs8._.js:776
[ 1484980ms] [LOG] [Fast Refresh] done in 15ms @ http://localhost:3100/_next/static/chunks/node_modules_next_dist_1e8vcs8._.js:776
[ 1485041ms] [LOG] [Fast Refresh] done in 15ms @ http://localhost:3100/_next/static/chunks/node_modules_next_dist_1e8vcs8._.js:776
[ 1485103ms] [LOG] [Fast Refresh] done in 15ms @ http://localhost:3100/_next/static/chunks/node_modules_next_dist_1e8vcs8._.js:776
[ 1485164ms] [LOG] [Fast Refresh] done in 15ms @ http://localhost:3100/_next/static/chunks/node_modules_next_dist_1e8vcs8._.js:776
[ 1485226ms] [LOG] [Fast Refresh] done in 15ms @ http://localhost:3100/_next/static/chunks/node_modules_next_dist_1e8vcs8._.js:776
[ 1485288ms] [LOG] [Fast Refresh] done in 15ms @ http://localhost:3100/_next/static/chunks/node_modules_next_dist_1e8vcs8._.js:776
[ 1485349ms] [LOG] [Fast Refresh] done in 15ms @ http://localhost:3100/_next/static/chunks/node_modules_next_dist_1e8vcs8._.js:776
[ 1485411ms] [LOG] [Fast Refresh] done in 15ms @ http://localhost:3100/_next/static/chunks/node_modules_next_dist_1e8vcs8._.js:776
[ 1485472ms] [LOG] [Fast Refresh] done in 15ms @ http://localhost:3100/_next/static/chunks/node_modules_next_dist_1e8vcs8._.js:776
[ 1485534ms] [LOG] [Fast Refresh] done in 15ms @ http://localhost:3100/_next/static/chunks/node_modules_next_dist_1e8vcs8._.js:776
[ 1485595ms] [LOG] [Fast Refresh] done in 15ms @ http://localhost:3100/_next/static/chunks/node_modules_next_dist_1e8vcs8._.js:776
[ 1485656ms] [LOG] [Fast Refresh] done in 15ms @ http://localhost:3100/_next/static/chunks/node_modules_next_dist_1e8vcs8._.js:776
[ 1485718ms] [LOG] [Fast Refresh] done in 15ms @ http://localhost:3100/_next/static/chunks/node_modules_next_dist_1e8vcs8._.js:776
[ 1485779ms] [LOG] [Fast Refresh] done in 15ms @ http://localhost:3100/_next/static/chunks/node_modules_next_dist_1e8vcs8._.js:776
[ 1485841ms] [LOG] [Fast Refresh] done in 15ms @ http://localhost:3100/_next/static/chunks/node_modules_next_dist_1e8vcs8._.js:776
[ 1485903ms] [LOG] [Fast Refresh] done in 15ms @ http://localhost:3100/_next/static/chunks/node_modules_next_dist_1e8vcs8._.js:776
[ 1485964ms] [LOG] [Fast Refresh] done in 15ms @ http://localhost:3100/_next/static/chunks/node_modules_next_dist_1e8vcs8._.js:776
[ 1486025ms] [LOG] [Fast Refresh] done in 15ms @ http://localhost:3100/_next/static/chunks/node_modules_next_dist_1e8vcs8._.js:776
[ 1486087ms] [LOG] [Fast Refresh] done in 15ms @ http://localhost:3100/_next/static/chunks/node_modules_next_dist_1e8vcs8._.js:776
[ 1486149ms] [LOG] [Fast Refresh] done in 15ms @ http://localhost:3100/_next/static/chunks/node_modules_next_dist_1e8vcs8._.js:776
[ 1486210ms] [LOG] [Fast Refresh] done in 15ms @ http://localhost:3100/_next/static/chunks/node_modules_next_dist_1e8vcs8._.js:776
[ 1486271ms] [LOG] [Fast Refresh] done in 15ms @ http://localhost:3100/_next/static/chunks/node_modules_next_dist_1e8vcs8._.js:776
[ 1486332ms] [LOG] [Fast Refresh] done in 15ms @ http://localhost:3100/_next/static/chunks/node_modules_next_dist_1e8vcs8._.js:776
[ 1486393ms] [LOG] [Fast Refresh] done in 15ms @ http://localhost:3100/_next/static/chunks/node_modules_next_dist_1e8vcs8._.js:776
[ 1486455ms] [LOG] [Fast Refresh] done in 15ms @ http://localhost:3100/_next/static/chunks/node_modules_next_dist_1e8vcs8._.js:776
[ 1486515ms] [LOG] [Fast Refresh] done in 15ms @ http://localhost:3100/_next/static/chunks/node_modules_next_dist_1e8vcs8._.js:776
[ 1486577ms] [LOG] [Fast Refresh] done in 15ms @ http://localhost:3100/_next/static/chunks/node_modules_next_dist_1e8vcs8._.js:776
[ 1486638ms] [LOG] [Fast Refresh] done in 15ms @ http://localhost:3100/_next/static/chunks/node_modules_next_dist_1e8vcs8._.js:776
[ 1486699ms] [LOG] [Fast Refresh] done in 15ms @ http://localhost:3100/_next/static/chunks/node_modules_next_dist_1e8vcs8._.js:776
[ 1486761ms] [LOG] [Fast Refresh] done in 15ms @ http://localhost:3100/_next/static/chunks/node_modules_next_dist_1e8vcs8._.js:776
[ 1486823ms] [LOG] [Fast Refresh] done in 15ms @ http://localhost:3100/_next/static/chunks/node_modules_next_dist_1e8vcs8._.js:776
[ 1486884ms] [LOG] [Fast Refresh] done in 15ms @ http://localhost:3100/_next/static/chunks/node_modules_next_dist_1e8vcs8._.js:776
[ 1486946ms] [LOG] [Fast Refresh] done in 15ms @ http://localhost:3100/_next/static/chunks/node_modules_next_dist_1e8vcs8._.js:776
[ 1487007ms] [LOG] [Fast Refresh] done in 15ms @ http://localhost:3100/_next/static/chunks/node_modules_next_dist_1e8vcs8._.js:776
[ 1487069ms] [LOG] [Fast Refresh] done in 15ms @ http://localhost:3100/_next/static/chunks/node_modules_next_dist_1e8vcs8._.js:776
[ 1487131ms] [LOG] [Fast Refresh] done in 15ms @ http://localhost:3100/_next/static/chunks/node_modules_next_dist_1e8vcs8._.js:776
[ 1487193ms] [LOG] [Fast Refresh] done in 15ms @ http://localhost:3100/_next/static/chunks/node_modules_next_dist_1e8vcs8._.js:776
[ 1487255ms] [LOG] [Fast Refresh] done in 15ms @ http://localhost:3100/_next/static/chunks/node_modules_next_dist_1e8vcs8._.js:776
[ 1487316ms] [LOG] [Fast Refresh] done in 15ms @ http://localhost:3100/_next/static/chunks/node_modules_next_dist_1e8vcs8._.js:776
[ 1487379ms] [LOG] [Fast Refresh] done in 15ms @ http://localhost:3100/_next/static/chunks/node_modules_next_dist_1e8vcs8._.js:776
[ 1487439ms] [LOG] [Fast Refresh] done in 15ms @ http://localhost:3100/_next/static/chunks/node_modules_next_dist_1e8vcs8._.js:776
[ 1487501ms] [LOG] [Fast Refresh] done in 15ms @ http://localhost:3100/_next/static/chunks/node_modules_next_dist_1e8vcs8._.js:776
[ 1487562ms] [LOG] [Fast Refresh] done in 15ms @ http://localhost:3100/_next/static/chunks/node_modules_next_dist_1e8vcs8._.js:776
[ 1487624ms] [LOG] [Fast Refresh] done in 15ms @ http://localhost:3100/_next/static/chunks/node_modules_next_dist_1e8vcs8._.js:776
[ 1487685ms] [LOG] [Fast Refresh] done in 15ms @ http://localhost:3100/_next/static/chunks/node_modules_next_dist_1e8vcs8._.js:776
[ 1487747ms] [LOG] [Fast Refresh] done in 15ms @ http://localhost:3100/_next/static/chunks/node_modules_next_dist_1e8vcs8._.js:776
[ 1487808ms] [LOG] [Fast Refresh] done in 15ms @ http://localhost:3100/_next/static/chunks/node_modules_next_dist_1e8vcs8._.js:776
[ 1487870ms] [LOG] [Fast Refresh] done in 15ms @ http://localhost:3100/_next/static/chunks/node_modules_next_dist_1e8vcs8._.js:776
[ 1487932ms] [LOG] [Fast Refresh] done in 15ms @ http://localhost:3100/_next/static/chunks/node_modules_next_dist_1e8vcs8._.js:776
[ 1487993ms] [LOG] [Fast Refresh] done in 15ms @ http://localhost:3100/_next/static/chunks/node_modules_next_dist_1e8vcs8._.js:776
[ 1488055ms] [LOG] [Fast Refresh] done in 15ms @ http://localhost:3100/_next/static/chunks/node_modules_next_dist_1e8vcs8._.js:776
[ 1488117ms] [LOG] [Fast Refresh] done in 15ms @ http://localhost:3100/_next/static/chunks/node_modules_next_dist_1e8vcs8._.js:776
[ 1488178ms] [LOG] [Fast Refresh] done in 15ms @ http://localhost:3100/_next/static/chunks/node_modules_next_dist_1e8vcs8._.js:776
[ 1488239ms] [LOG] [Fast Refresh] done in 15ms @ http://localhost:3100/_next/static/chunks/node_modules_next_dist_1e8vcs8._.js:776
[ 1488301ms] [LOG] [Fast Refresh] done in 15ms @ http://localhost:3100/_next/static/chunks/node_modules_next_dist_1e8vcs8._.js:776
[ 1488363ms] [LOG] [Fast Refresh] done in 15ms @ http://localhost:3100/_next/static/chunks/node_modules_next_dist_1e8vcs8._.js:776
[ 1488425ms] [LOG] [Fast Refresh] done in 15ms @ http://localhost:3100/_next/static/chunks/node_modules_next_dist_1e8vcs8._.js:776
[ 1488486ms] [LOG] [Fast Refresh] done in 15ms @ http://localhost:3100/_next/static/chunks/node_modules_next_dist_1e8vcs8._.js:776
[ 1488548ms] [LOG] [Fast Refresh] done in 15ms @ http://localhost:3100/_next/static/chunks/node_modules_next_dist_1e8vcs8._.js:776
[ 1488609ms] [LOG] [Fast Refresh] done in 15ms @ http://localhost:3100/_next/static/chunks/node_modules_next_dist_1e8vcs8._.js:776
[ 1488671ms] [LOG] [Fast Refresh] done in 15ms @ http://localhost:3100/_next/static/chunks/node_modules_next_dist_1e8vcs8._.js:776
[ 1488733ms] [LOG] [Fast Refresh] done in 15ms @ http://localhost:3100/_next/static/chunks/node_modules_next_dist_1e8vcs8._.js:776
[ 1488794ms] [LOG] [Fast Refresh] done in 15ms @ http://localhost:3100/_next/static/chunks/node_modules_next_dist_1e8vcs8._.js:776
[ 1488856ms] [LOG] [Fast Refresh] done in 15ms @ http://localhost:3100/_next/static/chunks/node_modules_next_dist_1e8vcs8._.js:776
[ 1488917ms] [LOG] [Fast Refresh] done in 15ms @ http://localhost:3100/_next/static/chunks/node_modules_next_dist_1e8vcs8._.js:776
[ 1488979ms] [LOG] [Fast Refresh] done in 15ms @ http://localhost:3100/_next/static/chunks/node_modules_next_dist_1e8vcs8._.js:776
[ 1489040ms] [LOG] [Fast Refresh] done in 15ms @ http://localhost:3100/_next/static/chunks/node_modules_next_dist_1e8vcs8._.js:776
[ 1489101ms] [LOG] [Fast Refresh] done in 15ms @ http://localhost:3100/_next/static/chunks/node_modules_next_dist_1e8vcs8._.js:776
[ 1489163ms] [LOG] [Fast Refresh] done in 15ms @ http://localhost:3100/_next/static/chunks/node_modules_next_dist_1e8vcs8._.js:776
[ 1489224ms] [LOG] [Fast Refresh] done in 15ms @ http://localhost:3100/_next/static/chunks/node_modules_next_dist_1e8vcs8._.js:776
[ 1489285ms] [LOG] [Fast Refresh] done in 15ms @ http://localhost:3100/_next/static/chunks/node_modules_next_dist_1e8vcs8._.js:776
[ 1489347ms] [LOG] [Fast Refresh] done in 15ms @ http://localhost:3100/_next/static/chunks/node_modules_next_dist_1e8vcs8._.js:776
[ 1489468ms] [WARNING] GSAP target  not found. https://gsap.com @ http://localhost:3100/_next/static/chunks/node_modules_next_dist_1e8vcs8._.js:776
[ 1490527ms] [LOG] [Fast Refresh] done in 15ms @ http://localhost:3100/_next/static/chunks/node_modules_next_dist_1e8vcs8._.js:776
[ 1490577ms] [LOG] [Fast Refresh] done in 15ms @ http://localhost:3100/_next/static/chunks/node_modules_next_dist_1e8vcs8._.js:776
[ 1490825ms] [INFO] %cDownload the React DevTools for a better development experience: https://react.dev/link/react-devtools font-weight:bold @ http://localhost:3100/_next/static/chunks/node_modules_next_dist_1e8vcs8._.js:776
[ 1490848ms] [LOG] [HMR] connected @ http://localhost:3100/_next/static/chunks/node_modules_next_dist_1e8vcs8._.js:776
[ 1494832ms] [WARNING] GSAP target  not found. https://gsap.com @ http://localhost:3100/_next/static/chunks/node_modules_next_dist_1e8vcs8._.js:776
[ 1495633ms] [INFO] %cDownload the React DevTools for a better development experience: https://react.dev/link/react-devtools font-weight:bold @ http://localhost:3100/_next/static/chunks/node_modules_next_dist_1e8vcs8._.js:776
[ 1495652ms] [LOG] [HMR] connected @ http://localhost:3100/_next/static/chunks/node_modules_next_dist_1e8vcs8._.js:776
[ 1495845ms] [WARNING] GSAP target  not found. https://gsap.com @ http://localhost:3100/_next/static/chunks/node_modules_next_dist_1e8vcs8._.js:776
[ 1518303ms] [LOG] [Fast Refresh] rebuilding @ http://localhost:3100/_next/static/chunks/node_modules_next_dist_1e8vcs8._.js:776
[ 1518507ms] [LOG] [Fast Refresh] done in 7ms @ http://localhost:3100/_next/static/chunks/node_modules_next_dist_1e8vcs8._.js:776
[ 1518580ms] [LOG] [Fast Refresh] done in 7ms @ http://localhost:3100/_next/static/chunks/node_modules_next_dist_1e8vcs8._.js:776
[ 1518634ms] [LOG] [Fast Refresh] done in 7ms @ http://localhost:3100/_next/static/chunks/node_modules_next_dist_1e8vcs8._.js:776
[ 1518696ms] [LOG] [Fast Refresh] done in 7ms @ http://localhost:3100/_next/static/chunks/node_modules_next_dist_1e8vcs8._.js:776
[ 1518757ms] [LOG] [Fast Refresh] done in 7ms @ http://localhost:3100/_next/static/chunks/node_modules_next_dist_1e8vcs8._.js:776
[ 1518818ms] [LOG] [Fast Refresh] done in 7ms @ http://localhost:3100/_next/static/chunks/node_modules_next_dist_1e8vcs8._.js:776
[ 1518880ms] [LOG] [Fast Refresh] done in 7ms @ http://localhost:3100/_next/static/chunks/node_modules_next_dist_1e8vcs8._.js:776
[ 1518941ms] [LOG] [Fast Refresh] done in 7ms @ http://localhost:3100/_next/static/chunks/node_modules_next_dist_1e8vcs8._.js:776
[ 1519003ms] [LOG] [Fast Refresh] done in 7ms @ http://localhost:3100/_next/static/chunks/node_modules_next_dist_1e8vcs8._.js:776
[ 1519064ms] [LOG] [Fast Refresh] done in 7ms @ http://localhost:3100/_next/static/chunks/node_modules_next_dist_1e8vcs8._.js:776
[ 1519126ms] [LOG] [Fast Refresh] done in 7ms @ http://localhost:3100/_next/static/chunks/node_modules_next_dist_1e8vcs8._.js:776
[ 1519188ms] [LOG] [Fast Refresh] done in 7ms @ http://localhost:3100/_next/static/chunks/node_modules_next_dist_1e8vcs8._.js:776
[ 1519249ms] [LOG] [Fast Refresh] done in 7ms @ http://localhost:3100/_next/static/chunks/node_modules_next_dist_1e8vcs8._.js:776
[ 1519311ms] [LOG] [Fast Refresh] done in 7ms @ http://localhost:3100/_next/static/chunks/node_modules_next_dist_1e8vcs8._.js:776
[ 1519372ms] [LOG] [Fast Refresh] done in 7ms @ http://localhost:3100/_next/static/chunks/node_modules_next_dist_1e8vcs8._.js:776
[ 1519434ms] [LOG] [Fast Refresh] done in 7ms @ http://localhost:3100/_next/static/chunks/node_modules_next_dist_1e8vcs8._.js:776
[ 1519495ms] [LOG] [Fast Refresh] done in 7ms @ http://localhost:3100/_next/static/chunks/node_modules_next_dist_1e8vcs8._.js:776
[ 1519557ms] [LOG] [Fast Refresh] done in 7ms @ http://localhost:3100/_next/static/chunks/node_modules_next_dist_1e8vcs8._.js:776
[ 1519618ms] [LOG] [Fast Refresh] done in 7ms @ http://localhost:3100/_next/static/chunks/node_modules_next_dist_1e8vcs8._.js:776
[ 1519680ms] [LOG] [Fast Refresh] done in 7ms @ http://localhost:3100/_next/static/chunks/node_modules_next_dist_1e8vcs8._.js:776
[ 1519742ms] [LOG] [Fast Refresh] done in 7ms @ http://localhost:3100/_next/static/chunks/node_modules_next_dist_1e8vcs8._.js:776
[ 1519803ms] [LOG] [Fast Refresh] done in 7ms @ http://localhost:3100/_next/static/chunks/node_modules_next_dist_1e8vcs8._.js:776
[ 1519864ms] [LOG] [Fast Refresh] done in 7ms @ http://localhost:3100/_next/static/chunks/node_modules_next_dist_1e8vcs8._.js:776
[ 1519927ms] [LOG] [Fast Refresh] done in 7ms @ http://localhost:3100/_next/static/chunks/node_modules_next_dist_1e8vcs8._.js:776
[ 1519988ms] [LOG] [Fast Refresh] done in 7ms @ http://localhost:3100/_next/static/chunks/node_modules_next_dist_1e8vcs8._.js:776
[ 1520049ms] [LOG] [Fast Refresh] done in 7ms @ http://localhost:3100/_next/static/chunks/node_modules_next_dist_1e8vcs8._.js:776
[ 1520111ms] [LOG] [Fast Refresh] done in 7ms @ http://localhost:3100/_next/static/chunks/node_modules_next_dist_1e8vcs8._.js:776
[ 1520172ms] [LOG] [Fast Refresh] done in 7ms @ http://localhost:3100/_next/static/chunks/node_modules_next_dist_1e8vcs8._.js:776
[ 1520234ms] [LOG] [Fast Refresh] done in 7ms @ http://localhost:3100/_next/static/chunks/node_modules_next_dist_1e8vcs8._.js:776
[ 1520295ms] [LOG] [Fast Refresh] done in 7ms @ http://localhost:3100/_next/static/chunks/node_modules_next_dist_1e8vcs8._.js:776
[ 1520357ms] [LOG] [Fast Refresh] done in 7ms @ http://localhost:3100/_next/static/chunks/node_modules_next_dist_1e8vcs8._.js:776
[ 1520418ms] [LOG] [Fast Refresh] done in 7ms @ http://localhost:3100/_next/static/chunks/node_modules_next_dist_1e8vcs8._.js:776
[ 1520480ms] [LOG] [Fast Refresh] done in 7ms @ http://localhost:3100/_next/static/chunks/node_modules_next_dist_1e8vcs8._.js:776
[ 1520541ms] [LOG] [Fast Refresh] done in 7ms @ http://localhost:3100/_next/static/chunks/node_modules_next_dist_1e8vcs8._.js:776
[ 1520602ms] [LOG] [Fast Refresh] done in 7ms @ http://localhost:3100/_next/static/chunks/node_modules_next_dist_1e8vcs8._.js:776
[ 1520663ms] [LOG] [Fast Refresh] done in 7ms @ http://localhost:3100/_next/static/chunks/node_modules_next_dist_1e8vcs8._.js:776
[ 1520725ms] [LOG] [Fast Refresh] done in 7ms @ http://localhost:3100/_next/static/chunks/node_modules_next_dist_1e8vcs8._.js:776
[ 1520786ms] [LOG] [Fast Refresh] done in 7ms @ http://localhost:3100/_next/static/chunks/node_modules_next_dist_1e8vcs8._.js:776
[ 1520847ms] [LOG] [Fast Refresh] done in 7ms @ http://localhost:3100/_next/static/chunks/node_modules_next_dist_1e8vcs8._.js:776
[ 1520908ms] [LOG] [Fast Refresh] done in 7ms @ http://localhost:3100/_next/static/chunks/node_modules_next_dist_1e8vcs8._.js:776
[ 1520970ms] [LOG] [Fast Refresh] done in 7ms @ http://localhost:3100/_next/static/chunks/node_modules_next_dist_1e8vcs8._.js:776
[ 1521032ms] [LOG] [Fast Refresh] done in 7ms @ http://localhost:3100/_next/static/chunks/node_modules_next_dist_1e8vcs8._.js:776
[ 1521093ms] [LOG] [Fast Refresh] done in 7ms @ http://localhost:3100/_next/static/chunks/node_modules_next_dist_1e8vcs8._.js:776
[ 1521155ms] [LOG] [Fast Refresh] done in 7ms @ http://localhost:3100/_next/static/chunks/node_modules_next_dist_1e8vcs8._.js:776
[ 1521216ms] [LOG] [Fast Refresh] done in 7ms @ http://localhost:3100/_next/static/chunks/node_modules_next_dist_1e8vcs8._.js:776
[ 1521278ms] [LOG] [Fast Refresh] done in 7ms @ http://localhost:3100/_next/static/chunks/node_modules_next_dist_1e8vcs8._.js:776
[ 1521338ms] [LOG] [Fast Refresh] done in 7ms @ http://localhost:3100/_next/static/chunks/node_modules_next_dist_1e8vcs8._.js:776
[ 1521399ms] [LOG] [Fast Refresh] done in 7ms @ http://localhost:3100/_next/static/chunks/node_modules_next_dist_1e8vcs8._.js:776
[ 1521461ms] [LOG] [Fast Refresh] done in 7ms @ http://localhost:3100/_next/static/chunks/node_modules_next_dist_1e8vcs8._.js:776
[ 1521523ms] [LOG] [Fast Refresh] done in 7ms @ http://localhost:3100/_next/static/chunks/node_modules_next_dist_1e8vcs8._.js:776
[ 1521584ms] [LOG] [Fast Refresh] done in 7ms @ http://localhost:3100/_next/static/chunks/node_modules_next_dist_1e8vcs8._.js:776
[ 1521646ms] [LOG] [Fast Refresh] done in 7ms @ http://localhost:3100/_next/static/chunks/node_modules_next_dist_1e8vcs8._.js:776
[ 1521707ms] [LOG] [Fast Refresh] done in 7ms @ http://localhost:3100/_next/static/chunks/node_modules_next_dist_1e8vcs8._.js:776
[ 1521769ms] [LOG] [Fast Refresh] done in 7ms @ http://localhost:3100/_next/static/chunks/node_modules_next_dist_1e8vcs8._.js:776
[ 1521830ms] [LOG] [Fast Refresh] done in 7ms @ http://localhost:3100/_next/static/chunks/node_modules_next_dist_1e8vcs8._.js:776
[ 1521892ms] [LOG] [Fast Refresh] done in 7ms @ http://localhost:3100/_next/static/chunks/node_modules_next_dist_1e8vcs8._.js:776
[ 1521953ms] [LOG] [Fast Refresh] done in 7ms @ http://localhost:3100/_next/static/chunks/node_modules_next_dist_1e8vcs8._.js:776
[ 1522014ms] [LOG] [Fast Refresh] done in 7ms @ http://localhost:3100/_next/static/chunks/node_modules_next_dist_1e8vcs8._.js:776
[ 1522076ms] [LOG] [Fast Refresh] done in 7ms @ http://localhost:3100/_next/static/chunks/node_modules_next_dist_1e8vcs8._.js:776
[ 1522137ms] [LOG] [Fast Refresh] done in 7ms @ http://localhost:3100/_next/static/chunks/node_modules_next_dist_1e8vcs8._.js:776
[ 1522199ms] [LOG] [Fast Refresh] done in 7ms @ http://localhost:3100/_next/static/chunks/node_modules_next_dist_1e8vcs8._.js:776
[ 1522260ms] [LOG] [Fast Refresh] done in 7ms @ http://localhost:3100/_next/static/chunks/node_modules_next_dist_1e8vcs8._.js:776
[ 1522321ms] [LOG] [Fast Refresh] done in 7ms @ http://localhost:3100/_next/static/chunks/node_modules_next_dist_1e8vcs8._.js:776
[ 1522383ms] [LOG] [Fast Refresh] done in 7ms @ http://localhost:3100/_next/static/chunks/node_modules_next_dist_1e8vcs8._.js:776
[ 1522444ms] [LOG] [Fast Refresh] done in 7ms @ http://localhost:3100/_next/static/chunks/node_modules_next_dist_1e8vcs8._.js:776
[ 1522505ms] [LOG] [Fast Refresh] done in 7ms @ http://localhost:3100/_next/static/chunks/node_modules_next_dist_1e8vcs8._.js:776
[ 1522567ms] [LOG] [Fast Refresh] done in 7ms @ http://localhost:3100/_next/static/chunks/node_modules_next_dist_1e8vcs8._.js:776
[ 1522629ms] [LOG] [Fast Refresh] done in 7ms @ http://localhost:3100/_next/static/chunks/node_modules_next_dist_1e8vcs8._.js:776
[ 1522690ms] [LOG] [Fast Refresh] done in 7ms @ http://localhost:3100/_next/static/chunks/node_modules_next_dist_1e8vcs8._.js:776
[ 1522752ms] [LOG] [Fast Refresh] done in 7ms @ http://localhost:3100/_next/static/chunks/node_modules_next_dist_1e8vcs8._.js:776
[ 1522813ms] [LOG] [Fast Refresh] done in 7ms @ http://localhost:3100/_next/static/chunks/node_modules_next_dist_1e8vcs8._.js:776
[ 1522874ms] [LOG] [Fast Refresh] done in 7ms @ http://localhost:3100/_next/static/chunks/node_modules_next_dist_1e8vcs8._.js:776
[ 1522936ms] [LOG] [Fast Refresh] done in 7ms @ http://localhost:3100/_next/static/chunks/node_modules_next_dist_1e8vcs8._.js:776
[ 1522998ms] [LOG] [Fast Refresh] done in 7ms @ http://localhost:3100/_next/static/chunks/node_modules_next_dist_1e8vcs8._.js:776
[ 1523059ms] [LOG] [Fast Refresh] done in 7ms @ http://localhost:3100/_next/static/chunks/node_modules_next_dist_1e8vcs8._.js:776
[ 1523121ms] [LOG] [Fast Refresh] done in 7ms @ http://localhost:3100/_next/static/chunks/node_modules_next_dist_1e8vcs8._.js:776
[ 1523182ms] [LOG] [Fast Refresh] done in 7ms @ http://localhost:3100/_next/static/chunks/node_modules_next_dist_1e8vcs8._.js:776
[ 1523243ms] [LOG] [Fast Refresh] done in 7ms @ http://localhost:3100/_next/static/chunks/node_modules_next_dist_1e8vcs8._.js:776
[ 1523305ms] [LOG] [Fast Refresh] done in 7ms @ http://localhost:3100/_next/static/chunks/node_modules_next_dist_1e8vcs8._.js:776
[ 1523366ms] [LOG] [Fast Refresh] done in 7ms @ http://localhost:3100/_next/static/chunks/node_modules_next_dist_1e8vcs8._.js:776
[ 1523428ms] [LOG] [Fast Refresh] done in 7ms @ http://localhost:3100/_next/static/chunks/node_modules_next_dist_1e8vcs8._.js:776
[ 1523490ms] [LOG] [Fast Refresh] done in 7ms @ http://localhost:3100/_next/static/chunks/node_modules_next_dist_1e8vcs8._.js:776
[ 1523552ms] [LOG] [Fast Refresh] done in 7ms @ http://localhost:3100/_next/static/chunks/node_modules_next_dist_1e8vcs8._.js:776
[ 1523613ms] [LOG] [Fast Refresh] done in 7ms @ http://localhost:3100/_next/static/chunks/node_modules_next_dist_1e8vcs8._.js:776
[ 1523675ms] [LOG] [Fast Refresh] done in 7ms @ http://localhost:3100/_next/static/chunks/node_modules_next_dist_1e8vcs8._.js:776
[ 1523736ms] [LOG] [Fast Refresh] done in 7ms @ http://localhost:3100/_next/static/chunks/node_modules_next_dist_1e8vcs8._.js:776
[ 1523797ms] [LOG] [Fast Refresh] done in 7ms @ http://localhost:3100/_next/static/chunks/node_modules_next_dist_1e8vcs8._.js:776
[ 1523859ms] [LOG] [Fast Refresh] done in 7ms @ http://localhost:3100/_next/static/chunks/node_modules_next_dist_1e8vcs8._.js:776
[ 1523920ms] [LOG] [Fast Refresh] done in 7ms @ http://localhost:3100/_next/static/chunks/node_modules_next_dist_1e8vcs8._.js:776
[ 1523981ms] [LOG] [Fast Refresh] done in 7ms @ http://localhost:3100/_next/static/chunks/node_modules_next_dist_1e8vcs8._.js:776
[ 1524043ms] [LOG] [Fast Refresh] done in 7ms @ http://localhost:3100/_next/static/chunks/node_modules_next_dist_1e8vcs8._.js:776
[ 1524104ms] [LOG] [Fast Refresh] done in 7ms @ http://localhost:3100/_next/static/chunks/node_modules_next_dist_1e8vcs8._.js:776
[ 1524166ms] [LOG] [Fast Refresh] done in 7ms @ http://localhost:3100/_next/static/chunks/node_modules_next_dist_1e8vcs8._.js:776
[ 1524228ms] [LOG] [Fast Refresh] done in 7ms @ http://localhost:3100/_next/static/chunks/node_modules_next_dist_1e8vcs8._.js:776
[ 1524290ms] [LOG] [Fast Refresh] done in 7ms @ http://localhost:3100/_next/static/chunks/node_modules_next_dist_1e8vcs8._.js:776
[ 1524351ms] [LOG] [Fast Refresh] done in 7ms @ http://localhost:3100/_next/static/chunks/node_modules_next_dist_1e8vcs8._.js:776
[ 1524413ms] [LOG] [Fast Refresh] done in 7ms @ http://localhost:3100/_next/static/chunks/node_modules_next_dist_1e8vcs8._.js:776
[ 1524474ms] [LOG] [Fast Refresh] done in 7ms @ http://localhost:3100/_next/static/chunks/node_modules_next_dist_1e8vcs8._.js:776
[ 1524536ms] [LOG] [Fast Refresh] done in 7ms @ http://localhost:3100/_next/static/chunks/node_modules_next_dist_1e8vcs8._.js:776
[ 1524597ms] [LOG] [Fast Refresh] done in 7ms @ http://localhost:3100/_next/static/chunks/node_modules_next_dist_1e8vcs8._.js:776
[ 1524659ms] [LOG] [Fast Refresh] done in 7ms @ http://localhost:3100/_next/static/chunks/node_modules_next_dist_1e8vcs8._.js:776
[ 1524720ms] [LOG] [Fast Refresh] done in 7ms @ http://localhost:3100/_next/static/chunks/node_modules_next_dist_1e8vcs8._.js:776
[ 1524781ms] [LOG] [Fast Refresh] done in 7ms @ http://localhost:3100/_next/static/chunks/node_modules_next_dist_1e8vcs8._.js:776
[ 1524842ms] [LOG] [Fast Refresh] done in 7ms @ http://localhost:3100/_next/static/chunks/node_modules_next_dist_1e8vcs8._.js:776
[ 1524904ms] [LOG] [Fast Refresh] done in 7ms @ http://localhost:3100/_next/static/chunks/node_modules_next_dist_1e8vcs8._.js:776
[ 1524965ms] [LOG] [Fast Refresh] done in 7ms @ http://localhost:3100/_next/static/chunks/node_modules_next_dist_1e8vcs8._.js:776
[ 1525026ms] [LOG] [Fast Refresh] done in 7ms @ http://localhost:3100/_next/static/chunks/node_modules_next_dist_1e8vcs8._.js:776
[ 1525088ms] [LOG] [Fast Refresh] done in 7ms @ http://localhost:3100/_next/static/chunks/node_modules_next_dist_1e8vcs8._.js:776
[ 1525150ms] [LOG] [Fast Refresh] done in 7ms @ http://localhost:3100/_next/static/chunks/node_modules_next_dist_1e8vcs8._.js:776
[ 1525211ms] [LOG] [Fast Refresh] done in 7ms @ http://localhost:3100/_next/static/chunks/node_modules_next_dist_1e8vcs8._.js:776
[ 1525273ms] [LOG] [Fast Refresh] done in 7ms @ http://localhost:3100/_next/static/chunks/node_modules_next_dist_1e8vcs8._.js:776
[ 1525335ms] [LOG] [Fast Refresh] done in 7ms @ http://localhost:3100/_next/static/chunks/node_modules_next_dist_1e8vcs8._.js:776
[ 1525396ms] [LOG] [Fast Refresh] done in 7ms @ http://localhost:3100/_next/static/chunks/node_modules_next_dist_1e8vcs8._.js:776
[ 1525457ms] [LOG] [Fast Refresh] done in 7ms @ http://localhost:3100/_next/static/chunks/node_modules_next_dist_1e8vcs8._.js:776
[ 1525519ms] [LOG] [Fast Refresh] done in 7ms @ http://localhost:3100/_next/static/chunks/node_modules_next_dist_1e8vcs8._.js:776
[ 1525581ms] [LOG] [Fast Refresh] done in 7ms @ http://localhost:3100/_next/static/chunks/node_modules_next_dist_1e8vcs8._.js:776
[ 1525642ms] [LOG] [Fast Refresh] done in 7ms @ http://localhost:3100/_next/static/chunks/node_modules_next_dist_1e8vcs8._.js:776
[ 1525704ms] [LOG] [Fast Refresh] done in 7ms @ http://localhost:3100/_next/static/chunks/node_modules_next_dist_1e8vcs8._.js:776
[ 1525766ms] [LOG] [Fast Refresh] done in 7ms @ http://localhost:3100/_next/static/chunks/node_modules_next_dist_1e8vcs8._.js:776
[ 1525827ms] [LOG] [Fast Refresh] done in 7ms @ http://localhost:3100/_next/static/chunks/node_modules_next_dist_1e8vcs8._.js:776
[ 1525889ms] [LOG] [Fast Refresh] done in 7ms @ http://localhost:3100/_next/static/chunks/node_modules_next_dist_1e8vcs8._.js:776
[ 1525951ms] [LOG] [Fast Refresh] done in 7ms @ http://localhost:3100/_next/static/chunks/node_modules_next_dist_1e8vcs8._.js:776
[ 1526013ms] [LOG] [Fast Refresh] done in 7ms @ http://localhost:3100/_next/static/chunks/node_modules_next_dist_1e8vcs8._.js:776
[ 1526075ms] [LOG] [Fast Refresh] done in 7ms @ http://localhost:3100/_next/static/chunks/node_modules_next_dist_1e8vcs8._.js:776
[ 1526136ms] [LOG] [Fast Refresh] done in 7ms @ http://localhost:3100/_next/static/chunks/node_modules_next_dist_1e8vcs8._.js:776
[ 1526198ms] [LOG] [Fast Refresh] done in 7ms @ http://localhost:3100/_next/static/chunks/node_modules_next_dist_1e8vcs8._.js:776
[ 1526259ms] [LOG] [Fast Refresh] done in 7ms @ http://localhost:3100/_next/static/chunks/node_modules_next_dist_1e8vcs8._.js:776
[ 1526321ms] [LOG] [Fast Refresh] done in 7ms @ http://localhost:3100/_next/static/chunks/node_modules_next_dist_1e8vcs8._.js:776
[ 1526382ms] [LOG] [Fast Refresh] done in 7ms @ http://localhost:3100/_next/static/chunks/node_modules_next_dist_1e8vcs8._.js:776
[ 1526443ms] [LOG] [Fast Refresh] done in 7ms @ http://localhost:3100/_next/static/chunks/node_modules_next_dist_1e8vcs8._.js:776
[ 1526506ms] [LOG] [Fast Refresh] done in 7ms @ http://localhost:3100/_next/static/chunks/node_modules_next_dist_1e8vcs8._.js:776
[ 1526567ms] [LOG] [Fast Refresh] done in 7ms @ http://localhost:3100/_next/static/chunks/node_modules_next_dist_1e8vcs8._.js:776
[ 1526628ms] [LOG] [Fast Refresh] done in 7ms @ http://localhost:3100/_next/static/chunks/node_modules_next_dist_1e8vcs8._.js:776
[ 1526690ms] [LOG] [Fast Refresh] done in 7ms @ http://localhost:3100/_next/static/chunks/node_modules_next_dist_1e8vcs8._.js:776
[ 1526751ms] [LOG] [Fast Refresh] done in 7ms @ http://localhost:3100/_next/static/chunks/node_modules_next_dist_1e8vcs8._.js:776
[ 1526813ms] [LOG] [Fast Refresh] done in 7ms @ http://localhost:3100/_next/static/chunks/node_modules_next_dist_1e8vcs8._.js:776
[ 1526874ms] [LOG] [Fast Refresh] done in 7ms @ http://localhost:3100/_next/static/chunks/node_modules_next_dist_1e8vcs8._.js:776
[ 1526936ms] [LOG] [Fast Refresh] done in 7ms @ http://localhost:3100/_next/static/chunks/node_modules_next_dist_1e8vcs8._.js:776
[ 1526997ms] [LOG] [Fast Refresh] done in 7ms @ http://localhost:3100/_next/static/chunks/node_modules_next_dist_1e8vcs8._.js:776
[ 1527059ms] [LOG] [Fast Refresh] done in 7ms @ http://localhost:3100/_next/static/chunks/node_modules_next_dist_1e8vcs8._.js:776
[ 1527119ms] [LOG] [Fast Refresh] done in 7ms @ http://localhost:3100/_next/static/chunks/node_modules_next_dist_1e8vcs8._.js:776
[ 1527181ms] [LOG] [Fast Refresh] done in 7ms @ http://localhost:3100/_next/static/chunks/node_modules_next_dist_1e8vcs8._.js:776
[ 1527243ms] [LOG] [Fast Refresh] done in 7ms @ http://localhost:3100/_next/static/chunks/node_modules_next_dist_1e8vcs8._.js:776
[ 1527305ms] [LOG] [Fast Refresh] done in 7ms @ http://localhost:3100/_next/static/chunks/node_modules_next_dist_1e8vcs8._.js:776
[ 1527365ms] [LOG] [Fast Refresh] done in 7ms @ http://localhost:3100/_next/static/chunks/node_modules_next_dist_1e8vcs8._.js:776
[ 1527427ms] [LOG] [Fast Refresh] done in 7ms @ http://localhost:3100/_next/static/chunks/node_modules_next_dist_1e8vcs8._.js:776
[ 1527487ms] [LOG] [Fast Refresh] done in 7ms @ http://localhost:3100/_next/static/chunks/node_modules_next_dist_1e8vcs8._.js:776
[ 1527549ms] [LOG] [Fast Refresh] done in 7ms @ http://localhost:3100/_next/static/chunks/node_modules_next_dist_1e8vcs8._.js:776
[ 1527611ms] [LOG] [Fast Refresh] done in 7ms @ http://localhost:3100/_next/static/chunks/node_modules_next_dist_1e8vcs8._.js:776
[ 1527672ms] [LOG] [Fast Refresh] done in 7ms @ http://localhost:3100/_next/static/chunks/node_modules_next_dist_1e8vcs8._.js:776
[ 1527733ms] [LOG] [Fast Refresh] done in 7ms @ http://localhost:3100/_next/static/chunks/node_modules_next_dist_1e8vcs8._.js:776
[ 1527794ms] [LOG] [Fast Refresh] done in 7ms @ http://localhost:3100/_next/static/chunks/node_modules_next_dist_1e8vcs8._.js:776
[ 1527855ms] [LOG] [Fast Refresh] done in 7ms @ http://localhost:3100/_next/static/chunks/node_modules_next_dist_1e8vcs8._.js:776
[ 1527917ms] [LOG] [Fast Refresh] done in 7ms @ http://localhost:3100/_next/static/chunks/node_modules_next_dist_1e8vcs8._.js:776
[ 1527978ms] [LOG] [Fast Refresh] done in 7ms @ http://localhost:3100/_next/static/chunks/node_modules_next_dist_1e8vcs8._.js:776
[ 1528040ms] [LOG] [Fast Refresh] done in 7ms @ http://localhost:3100/_next/static/chunks/node_modules_next_dist_1e8vcs8._.js:776
[ 1528102ms] [LOG] [Fast Refresh] done in 7ms @ http://localhost:3100/_next/static/chunks/node_modules_next_dist_1e8vcs8._.js:776
[ 1528163ms] [LOG] [Fast Refresh] done in 7ms @ http://localhost:3100/_next/static/chunks/node_modules_next_dist_1e8vcs8._.js:776
[ 1528224ms] [LOG] [Fast Refresh] done in 7ms @ http://localhost:3100/_next/static/chunks/node_modules_next_dist_1e8vcs8._.js:776
[ 1528286ms] [LOG] [Fast Refresh] done in 7ms @ http://localhost:3100/_next/static/chunks/node_modules_next_dist_1e8vcs8._.js:776
[ 1528347ms] [LOG] [Fast Refresh] done in 7ms @ http://localhost:3100/_next/static/chunks/node_modules_next_dist_1e8vcs8._.js:776
[ 1528409ms] [LOG] [Fast Refresh] done in 7ms @ http://localhost:3100/_next/static/chunks/node_modules_next_dist_1e8vcs8._.js:776
[ 1528470ms] [LOG] [Fast Refresh] done in 7ms @ http://localhost:3100/_next/static/chunks/node_modules_next_dist_1e8vcs8._.js:776
[ 1528532ms] [LOG] [Fast Refresh] done in 7ms @ http://localhost:3100/_next/static/chunks/node_modules_next_dist_1e8vcs8._.js:776
[ 1528593ms] [LOG] [Fast Refresh] done in 7ms @ http://localhost:3100/_next/static/chunks/node_modules_next_dist_1e8vcs8._.js:776
[ 1528655ms] [LOG] [Fast Refresh] done in 7ms @ http://localhost:3100/_next/static/chunks/node_modules_next_dist_1e8vcs8._.js:776
[ 1528716ms] [LOG] [Fast Refresh] done in 7ms @ http://localhost:3100/_next/static/chunks/node_modules_next_dist_1e8vcs8._.js:776
[ 1528778ms] [LOG] [Fast Refresh] done in 7ms @ http://localhost:3100/_next/static/chunks/node_modules_next_dist_1e8vcs8._.js:776
[ 1528839ms] [LOG] [Fast Refresh] done in 7ms @ http://localhost:3100/_next/static/chunks/node_modules_next_dist_1e8vcs8._.js:776
[ 1528900ms] [LOG] [Fast Refresh] done in 7ms @ http://localhost:3100/_next/static/chunks/node_modules_next_dist_1e8vcs8._.js:776
[ 1528962ms] [LOG] [Fast Refresh] done in 7ms @ http://localhost:3100/_next/static/chunks/node_modules_next_dist_1e8vcs8._.js:776
[ 1529024ms] [LOG] [Fast Refresh] done in 7ms @ http://localhost:3100/_next/static/chunks/node_modules_next_dist_1e8vcs8._.js:776
[ 1529085ms] [LOG] [Fast Refresh] done in 7ms @ http://localhost:3100/_next/static/chunks/node_modules_next_dist_1e8vcs8._.js:776
[ 1529146ms] [LOG] [Fast Refresh] done in 7ms @ http://localhost:3100/_next/static/chunks/node_modules_next_dist_1e8vcs8._.js:776
[ 1529207ms] [LOG] [Fast Refresh] done in 7ms @ http://localhost:3100/_next/static/chunks/node_modules_next_dist_1e8vcs8._.js:776
[ 1529269ms] [LOG] [Fast Refresh] done in 7ms @ http://localhost:3100/_next/static/chunks/node_modules_next_dist_1e8vcs8._.js:776
[ 1529331ms] [LOG] [Fast Refresh] done in 7ms @ http://localhost:3100/_next/static/chunks/node_modules_next_dist_1e8vcs8._.js:776
[ 1529392ms] [LOG] [Fast Refresh] done in 7ms @ http://localhost:3100/_next/static/chunks/node_modules_next_dist_1e8vcs8._.js:776
[ 1529454ms] [LOG] [Fast Refresh] done in 7ms @ http://localhost:3100/_next/static/chunks/node_modules_next_dist_1e8vcs8._.js:776
[ 1529516ms] [LOG] [Fast Refresh] done in 7ms @ http://localhost:3100/_next/static/chunks/node_modules_next_dist_1e8vcs8._.js:776
[ 1529577ms] [LOG] [Fast Refresh] done in 7ms @ http://localhost:3100/_next/static/chunks/node_modules_next_dist_1e8vcs8._.js:776
[ 1529639ms] [LOG] [Fast Refresh] done in 7ms @ http://localhost:3100/_next/static/chunks/node_modules_next_dist_1e8vcs8._.js:776
[ 1529700ms] [LOG] [Fast Refresh] done in 7ms @ http://localhost:3100/_next/static/chunks/node_modules_next_dist_1e8vcs8._.js:776
[ 1529761ms] [LOG] [Fast Refresh] done in 7ms @ http://localhost:3100/_next/static/chunks/node_modules_next_dist_1e8vcs8._.js:776
[ 1529823ms] [LOG] [Fast Refresh] done in 7ms @ http://localhost:3100/_next/static/chunks/node_modules_next_dist_1e8vcs8._.js:776
[ 1529884ms] [LOG] [Fast Refresh] done in 7ms @ http://localhost:3100/_next/static/chunks/node_modules_next_dist_1e8vcs8._.js:776
[ 1529945ms] [LOG] [Fast Refresh] done in 7ms @ http://localhost:3100/_next/static/chunks/node_modules_next_dist_1e8vcs8._.js:776
[ 1530007ms] [LOG] [Fast Refresh] done in 7ms @ http://localhost:3100/_next/static/chunks/node_modules_next_dist_1e8vcs8._.js:776
[ 1530068ms] [LOG] [Fast Refresh] done in 7ms @ http://localhost:3100/_next/static/chunks/node_modules_next_dist_1e8vcs8._.js:776
[ 1530130ms] [LOG] [Fast Refresh] done in 7ms @ http://localhost:3100/_next/static/chunks/node_modules_next_dist_1e8vcs8._.js:776
[ 1530191ms] [LOG] [Fast Refresh] done in 7ms @ http://localhost:3100/_next/static/chunks/node_modules_next_dist_1e8vcs8._.js:776
[ 1530252ms] [LOG] [Fast Refresh] done in 7ms @ http://localhost:3100/_next/static/chunks/node_modules_next_dist_1e8vcs8._.js:776
[ 1530313ms] [LOG] [Fast Refresh] done in 7ms @ http://localhost:3100/_next/static/chunks/node_modules_next_dist_1e8vcs8._.js:776
[ 1530375ms] [LOG] [Fast Refresh] done in 7ms @ http://localhost:3100/_next/static/chunks/node_modules_next_dist_1e8vcs8._.js:776
[ 1530436ms] [LOG] [Fast Refresh] done in 7ms @ http://localhost:3100/_next/static/chunks/node_modules_next_dist_1e8vcs8._.js:776
[ 1530499ms] [LOG] [Fast Refresh] done in 7ms @ http://localhost:3100/_next/static/chunks/node_modules_next_dist_1e8vcs8._.js:776
[ 1530560ms] [LOG] [Fast Refresh] done in 7ms @ http://localhost:3100/_next/static/chunks/node_modules_next_dist_1e8vcs8._.js:776
[ 1530621ms] [LOG] [Fast Refresh] done in 7ms @ http://localhost:3100/_next/static/chunks/node_modules_next_dist_1e8vcs8._.js:776
[ 1530683ms] [LOG] [Fast Refresh] done in 7ms @ http://localhost:3100/_next/static/chunks/node_modules_next_dist_1e8vcs8._.js:776
[ 1530744ms] [LOG] [Fast Refresh] done in 7ms @ http://localhost:3100/_next/static/chunks/node_modules_next_dist_1e8vcs8._.js:776
[ 1530805ms] [LOG] [Fast Refresh] done in 7ms @ http://localhost:3100/_next/static/chunks/node_modules_next_dist_1e8vcs8._.js:776
[ 1530866ms] [LOG] [Fast Refresh] done in 7ms @ http://localhost:3100/_next/static/chunks/node_modules_next_dist_1e8vcs8._.js:776
[ 1530928ms] [LOG] [Fast Refresh] done in 7ms @ http://localhost:3100/_next/static/chunks/node_modules_next_dist_1e8vcs8._.js:776
[ 1530989ms] [LOG] [Fast Refresh] done in 7ms @ http://localhost:3100/_next/static/chunks/node_modules_next_dist_1e8vcs8._.js:776
[ 1531049ms] [LOG] [Fast Refresh] done in 7ms @ http://localhost:3100/_next/static/chunks/node_modules_next_dist_1e8vcs8._.js:776
[ 1531111ms] [LOG] [Fast Refresh] done in 7ms @ http://localhost:3100/_next/static/chunks/node_modules_next_dist_1e8vcs8._.js:776
[ 1531172ms] [LOG] [Fast Refresh] done in 7ms @ http://localhost:3100/_next/static/chunks/node_modules_next_dist_1e8vcs8._.js:776
[ 1531234ms] [LOG] [Fast Refresh] done in 7ms @ http://localhost:3100/_next/static/chunks/node_modules_next_dist_1e8vcs8._.js:776
[ 1531295ms] [LOG] [Fast Refresh] done in 7ms @ http://localhost:3100/_next/static/chunks/node_modules_next_dist_1e8vcs8._.js:776
[ 1531356ms] [LOG] [Fast Refresh] done in 7ms @ http://localhost:3100/_next/static/chunks/node_modules_next_dist_1e8vcs8._.js:776
[ 1531418ms] [LOG] [Fast Refresh] done in 7ms @ http://localhost:3100/_next/static/chunks/node_modules_next_dist_1e8vcs8._.js:776
[ 1531479ms] [LOG] [Fast Refresh] done in 7ms @ http://localhost:3100/_next/static/chunks/node_modules_next_dist_1e8vcs8._.js:776
[ 1531540ms] [LOG] [Fast Refresh] done in 7ms @ http://localhost:3100/_next/static/chunks/node_modules_next_dist_1e8vcs8._.js:776
[ 1531602ms] [LOG] [Fast Refresh] done in 7ms @ http://localhost:3100/_next/static/chunks/node_modules_next_dist_1e8vcs8._.js:776
[ 1531663ms] [LOG] [Fast Refresh] done in 7ms @ http://localhost:3100/_next/static/chunks/node_modules_next_dist_1e8vcs8._.js:776
[ 1531725ms] [LOG] [Fast Refresh] done in 7ms @ http://localhost:3100/_next/static/chunks/node_modules_next_dist_1e8vcs8._.js:776
[ 1531786ms] [LOG] [Fast Refresh] done in 7ms @ http://localhost:3100/_next/static/chunks/node_modules_next_dist_1e8vcs8._.js:776
[ 1531847ms] [LOG] [Fast Refresh] done in 7ms @ http://localhost:3100/_next/static/chunks/node_modules_next_dist_1e8vcs8._.js:776
[ 1531909ms] [LOG] [Fast Refresh] done in 7ms @ http://localhost:3100/_next/static/chunks/node_modules_next_dist_1e8vcs8._.js:776
[ 1531971ms] [LOG] [Fast Refresh] done in 7ms @ http://localhost:3100/_next/static/chunks/node_modules_next_dist_1e8vcs8._.js:776
[ 1532032ms] [LOG] [Fast Refresh] done in 7ms @ http://localhost:3100/_next/static/chunks/node_modules_next_dist_1e8vcs8._.js:776
[ 1532094ms] [LOG] [Fast Refresh] done in 7ms @ http://localhost:3100/_next/static/chunks/node_modules_next_dist_1e8vcs8._.js:776
[ 1532156ms] [LOG] [Fast Refresh] done in 7ms @ http://localhost:3100/_next/static/chunks/node_modules_next_dist_1e8vcs8._.js:776
[ 1532217ms] [LOG] [Fast Refresh] done in 7ms @ http://localhost:3100/_next/static/chunks/node_modules_next_dist_1e8vcs8._.js:776
[ 1532278ms] [LOG] [Fast Refresh] done in 7ms @ http://localhost:3100/_next/static/chunks/node_modules_next_dist_1e8vcs8._.js:776
[ 1532339ms] [LOG] [Fast Refresh] done in 7ms @ http://localhost:3100/_next/static/chunks/node_modules_next_dist_1e8vcs8._.js:776
[ 1532401ms] [LOG] [Fast Refresh] done in 7ms @ http://localhost:3100/_next/static/chunks/node_modules_next_dist_1e8vcs8._.js:776
[ 1532462ms] [LOG] [Fast Refresh] done in 7ms @ http://localhost:3100/_next/static/chunks/node_modules_next_dist_1e8vcs8._.js:776
[ 1532524ms] [LOG] [Fast Refresh] done in 7ms @ http://localhost:3100/_next/static/chunks/node_modules_next_dist_1e8vcs8._.js:776
[ 1532585ms] [LOG] [Fast Refresh] done in 7ms @ http://localhost:3100/_next/static/chunks/node_modules_next_dist_1e8vcs8._.js:776
[ 1532647ms] [LOG] [Fast Refresh] done in 7ms @ http://localhost:3100/_next/static/chunks/node_modules_next_dist_1e8vcs8._.js:776
[ 1532708ms] [LOG] [Fast Refresh] done in 7ms @ http://localhost:3100/_next/static/chunks/node_modules_next_dist_1e8vcs8._.js:776
[ 1532770ms] [LOG] [Fast Refresh] done in 7ms @ http://localhost:3100/_next/static/chunks/node_modules_next_dist_1e8vcs8._.js:776
[ 1532831ms] [LOG] [Fast Refresh] done in 7ms @ http://localhost:3100/_next/static/chunks/node_modules_next_dist_1e8vcs8._.js:776
[ 1532892ms] [LOG] [Fast Refresh] done in 7ms @ http://localhost:3100/_next/static/chunks/node_modules_next_dist_1e8vcs8._.js:776
[ 1532954ms] [LOG] [Fast Refresh] done in 7ms @ http://localhost:3100/_next/static/chunks/node_modules_next_dist_1e8vcs8._.js:776
[ 1533016ms] [LOG] [Fast Refresh] done in 7ms @ http://localhost:3100/_next/static/chunks/node_modules_next_dist_1e8vcs8._.js:776
[ 1533077ms] [LOG] [Fast Refresh] done in 7ms @ http://localhost:3100/_next/static/chunks/node_modules_next_dist_1e8vcs8._.js:776
[ 1533138ms] [LOG] [Fast Refresh] done in 7ms @ http://localhost:3100/_next/static/chunks/node_modules_next_dist_1e8vcs8._.js:776
[ 1533200ms] [LOG] [Fast Refresh] done in 7ms @ http://localhost:3100/_next/static/chunks/node_modules_next_dist_1e8vcs8._.js:776
[ 1533261ms] [LOG] [Fast Refresh] done in 7ms @ http://localhost:3100/_next/static/chunks/node_modules_next_dist_1e8vcs8._.js:776
[ 1533323ms] [LOG] [Fast Refresh] done in 7ms @ http://localhost:3100/_next/static/chunks/node_modules_next_dist_1e8vcs8._.js:776
[ 1533384ms] [LOG] [Fast Refresh] done in 7ms @ http://localhost:3100/_next/static/chunks/node_modules_next_dist_1e8vcs8._.js:776
[ 1533445ms] [LOG] [Fast Refresh] done in 7ms @ http://localhost:3100/_next/static/chunks/node_modules_next_dist_1e8vcs8._.js:776
[ 1533507ms] [LOG] [Fast Refresh] done in 7ms @ http://localhost:3100/_next/static/chunks/node_modules_next_dist_1e8vcs8._.js:776
[ 1533568ms] [LOG] [Fast Refresh] done in 7ms @ http://localhost:3100/_next/static/chunks/node_modules_next_dist_1e8vcs8._.js:776
[ 1533629ms] [LOG] [Fast Refresh] done in 7ms @ http://localhost:3100/_next/static/chunks/node_modules_next_dist_1e8vcs8._.js:776
[ 1533691ms] [LOG] [Fast Refresh] done in 7ms @ http://localhost:3100/_next/static/chunks/node_modules_next_dist_1e8vcs8._.js:776
[ 1533753ms] [LOG] [Fast Refresh] done in 7ms @ http://localhost:3100/_next/static/chunks/node_modules_next_dist_1e8vcs8._.js:776
[ 1533814ms] [LOG] [Fast Refresh] done in 7ms @ http://localhost:3100/_next/static/chunks/node_modules_next_dist_1e8vcs8._.js:776
[ 1533875ms] [LOG] [Fast Refresh] done in 7ms @ http://localhost:3100/_next/static/chunks/node_modules_next_dist_1e8vcs8._.js:776
[ 1533936ms] [LOG] [Fast Refresh] done in 7ms @ http://localhost:3100/_next/static/chunks/node_modules_next_dist_1e8vcs8._.js:776
[ 1533998ms] [LOG] [Fast Refresh] done in 7ms @ http://localhost:3100/_next/static/chunks/node_modules_next_dist_1e8vcs8._.js:776
[ 1534059ms] [LOG] [Fast Refresh] done in 7ms @ http://localhost:3100/_next/static/chunks/node_modules_next_dist_1e8vcs8._.js:776
[ 1534121ms] [LOG] [Fast Refresh] done in 7ms @ http://localhost:3100/_next/static/chunks/node_modules_next_dist_1e8vcs8._.js:776
[ 1534182ms] [LOG] [Fast Refresh] done in 7ms @ http://localhost:3100/_next/static/chunks/node_modules_next_dist_1e8vcs8._.js:776
[ 1534244ms] [LOG] [Fast Refresh] done in 7ms @ http://localhost:3100/_next/static/chunks/node_modules_next_dist_1e8vcs8._.js:776
[ 1534305ms] [LOG] [Fast Refresh] done in 7ms @ http://localhost:3100/_next/static/chunks/node_modules_next_dist_1e8vcs8._.js:776
[ 1534367ms] [LOG] [Fast Refresh] done in 7ms @ http://localhost:3100/_next/static/chunks/node_modules_next_dist_1e8vcs8._.js:776
[ 1534428ms] [LOG] [Fast Refresh] done in 7ms @ http://localhost:3100/_next/static/chunks/node_modules_next_dist_1e8vcs8._.js:776
[ 1534490ms] [LOG] [Fast Refresh] done in 7ms @ http://localhost:3100/_next/static/chunks/node_modules_next_dist_1e8vcs8._.js:776
[ 1534552ms] [LOG] [Fast Refresh] done in 7ms @ http://localhost:3100/_next/static/chunks/node_modules_next_dist_1e8vcs8._.js:776
[ 1534613ms] [LOG] [Fast Refresh] done in 7ms @ http://localhost:3100/_next/static/chunks/node_modules_next_dist_1e8vcs8._.js:776
[ 1534674ms] [LOG] [Fast Refresh] done in 7ms @ http://localhost:3100/_next/static/chunks/node_modules_next_dist_1e8vcs8._.js:776
[ 1534735ms] [LOG] [Fast Refresh] done in 7ms @ http://localhost:3100/_next/static/chunks/node_modules_next_dist_1e8vcs8._.js:776
[ 1534797ms] [LOG] [Fast Refresh] done in 7ms @ http://localhost:3100/_next/static/chunks/node_modules_next_dist_1e8vcs8._.js:776
[ 1534859ms] [LOG] [Fast Refresh] done in 7ms @ http://localhost:3100/_next/static/chunks/node_modules_next_dist_1e8vcs8._.js:776
[ 1534920ms] [LOG] [Fast Refresh] done in 7ms @ http://localhost:3100/_next/static/chunks/node_modules_next_dist_1e8vcs8._.js:776
[ 1534982ms] [LOG] [Fast Refresh] done in 7ms @ http://localhost:3100/_next/static/chunks/node_modules_next_dist_1e8vcs8._.js:776
[ 1535044ms] [LOG] [Fast Refresh] done in 7ms @ http://localhost:3100/_next/static/chunks/node_modules_next_dist_1e8vcs8._.js:776
[ 1535105ms] [LOG] [Fast Refresh] done in 7ms @ http://localhost:3100/_next/static/chunks/node_modules_next_dist_1e8vcs8._.js:776
[ 1535167ms] [LOG] [Fast Refresh] done in 7ms @ http://localhost:3100/_next/static/chunks/node_modules_next_dist_1e8vcs8._.js:776
[ 1535228ms] [LOG] [Fast Refresh] done in 7ms @ http://localhost:3100/_next/static/chunks/node_modules_next_dist_1e8vcs8._.js:776
[ 1535290ms] [LOG] [Fast Refresh] done in 7ms @ http://localhost:3100/_next/static/chunks/node_modules_next_dist_1e8vcs8._.js:776
[ 1535351ms] [LOG] [Fast Refresh] done in 7ms @ http://localhost:3100/_next/static/chunks/node_modules_next_dist_1e8vcs8._.js:776
[ 1535413ms] [LOG] [Fast Refresh] done in 7ms @ http://localhost:3100/_next/static/chunks/node_modules_next_dist_1e8vcs8._.js:776
[ 1535475ms] [LOG] [Fast Refresh] done in 7ms @ http://localhost:3100/_next/static/chunks/node_modules_next_dist_1e8vcs8._.js:776
[ 1535536ms] [LOG] [Fast Refresh] done in 7ms @ http://localhost:3100/_next/static/chunks/node_modules_next_dist_1e8vcs8._.js:776
[ 1535597ms] [LOG] [Fast Refresh] done in 7ms @ http://localhost:3100/_next/static/chunks/node_modules_next_dist_1e8vcs8._.js:776
[ 1535659ms] [LOG] [Fast Refresh] done in 7ms @ http://localhost:3100/_next/static/chunks/node_modules_next_dist_1e8vcs8._.js:776
[ 1535720ms] [LOG] [Fast Refresh] done in 7ms @ http://localhost:3100/_next/static/chunks/node_modules_next_dist_1e8vcs8._.js:776
[ 1535782ms] [LOG] [Fast Refresh] done in 7ms @ http://localhost:3100/_next/static/chunks/node_modules_next_dist_1e8vcs8._.js:776
[ 1535844ms] [LOG] [Fast Refresh] done in 7ms @ http://localhost:3100/_next/static/chunks/node_modules_next_dist_1e8vcs8._.js:776
[ 1535906ms] [LOG] [Fast Refresh] done in 7ms @ http://localhost:3100/_next/static/chunks/node_modules_next_dist_1e8vcs8._.js:776
[ 1535967ms] [LOG] [Fast Refresh] done in 7ms @ http://localhost:3100/_next/static/chunks/node_modules_next_dist_1e8vcs8._.js:776
[ 1536028ms] [LOG] [Fast Refresh] done in 7ms @ http://localhost:3100/_next/static/chunks/node_modules_next_dist_1e8vcs8._.js:776
[ 1536090ms] [LOG] [Fast Refresh] done in 7ms @ http://localhost:3100/_next/static/chunks/node_modules_next_dist_1e8vcs8._.js:776
[ 1536151ms] [LOG] [Fast Refresh] done in 7ms @ http://localhost:3100/_next/static/chunks/node_modules_next_dist_1e8vcs8._.js:776
[ 1536213ms] [LOG] [Fast Refresh] done in 7ms @ http://localhost:3100/_next/static/chunks/node_modules_next_dist_1e8vcs8._.js:776
[ 1536274ms] [LOG] [Fast Refresh] done in 7ms @ http://localhost:3100/_next/static/chunks/node_modules_next_dist_1e8vcs8._.js:776
[ 1536336ms] [LOG] [Fast Refresh] done in 7ms @ http://localhost:3100/_next/static/chunks/node_modules_next_dist_1e8vcs8._.js:776
[ 1536397ms] [LOG] [Fast Refresh] done in 7ms @ http://localhost:3100/_next/static/chunks/node_modules_next_dist_1e8vcs8._.js:776
[ 1536458ms] [LOG] [Fast Refresh] done in 7ms @ http://localhost:3100/_next/static/chunks/node_modules_next_dist_1e8vcs8._.js:776
[ 1536519ms] [LOG] [Fast Refresh] done in 7ms @ http://localhost:3100/_next/static/chunks/node_modules_next_dist_1e8vcs8._.js:776
[ 1536580ms] [LOG] [Fast Refresh] done in 7ms @ http://localhost:3100/_next/static/chunks/node_modules_next_dist_1e8vcs8._.js:776
[ 1536642ms] [LOG] [Fast Refresh] done in 7ms @ http://localhost:3100/_next/static/chunks/node_modules_next_dist_1e8vcs8._.js:776
[ 1536703ms] [LOG] [Fast Refresh] done in 7ms @ http://localhost:3100/_next/static/chunks/node_modules_next_dist_1e8vcs8._.js:776
[ 1536765ms] [LOG] [Fast Refresh] done in 7ms @ http://localhost:3100/_next/static/chunks/node_modules_next_dist_1e8vcs8._.js:776
[ 1536826ms] [LOG] [Fast Refresh] done in 7ms @ http://localhost:3100/_next/static/chunks/node_modules_next_dist_1e8vcs8._.js:776
[ 1536888ms] [LOG] [Fast Refresh] done in 7ms @ http://localhost:3100/_next/static/chunks/node_modules_next_dist_1e8vcs8._.js:776
[ 1536948ms] [LOG] [Fast Refresh] done in 7ms @ http://localhost:3100/_next/static/chunks/node_modules_next_dist_1e8vcs8._.js:776
[ 1537010ms] [LOG] [Fast Refresh] done in 7ms @ http://localhost:3100/_next/static/chunks/node_modules_next_dist_1e8vcs8._.js:776
[ 1537071ms] [LOG] [Fast Refresh] done in 7ms @ http://localhost:3100/_next/static/chunks/node_modules_next_dist_1e8vcs8._.js:776
[ 1537133ms] [LOG] [Fast Refresh] done in 7ms @ http://localhost:3100/_next/static/chunks/node_modules_next_dist_1e8vcs8._.js:776
[ 1537194ms] [LOG] [Fast Refresh] done in 7ms @ http://localhost:3100/_next/static/chunks/node_modules_next_dist_1e8vcs8._.js:776
[ 1537255ms] [LOG] [Fast Refresh] done in 7ms @ http://localhost:3100/_next/static/chunks/node_modules_next_dist_1e8vcs8._.js:776
[ 1537317ms] [LOG] [Fast Refresh] done in 7ms @ http://localhost:3100/_next/static/chunks/node_modules_next_dist_1e8vcs8._.js:776
[ 1537378ms] [LOG] [Fast Refresh] done in 7ms @ http://localhost:3100/_next/static/chunks/node_modules_next_dist_1e8vcs8._.js:776
[ 1537441ms] [LOG] [Fast Refresh] done in 7ms @ http://localhost:3100/_next/static/chunks/node_modules_next_dist_1e8vcs8._.js:776
[ 1537502ms] [LOG] [Fast Refresh] done in 7ms @ http://localhost:3100/_next/static/chunks/node_modules_next_dist_1e8vcs8._.js:776
[ 1537563ms] [LOG] [Fast Refresh] done in 7ms @ http://localhost:3100/_next/static/chunks/node_modules_next_dist_1e8vcs8._.js:776
[ 1537624ms] [LOG] [Fast Refresh] done in 7ms @ http://localhost:3100/_next/static/chunks/node_modules_next_dist_1e8vcs8._.js:776
[ 1537686ms] [LOG] [Fast Refresh] done in 7ms @ http://localhost:3100/_next/static/chunks/node_modules_next_dist_1e8vcs8._.js:776
[ 1537747ms] [LOG] [Fast Refresh] done in 7ms @ http://localhost:3100/_next/static/chunks/node_modules_next_dist_1e8vcs8._.js:776
[ 1537809ms] [LOG] [Fast Refresh] done in 7ms @ http://localhost:3100/_next/static/chunks/node_modules_next_dist_1e8vcs8._.js:776
[ 1537870ms] [LOG] [Fast Refresh] done in 7ms @ http://localhost:3100/_next/static/chunks/node_modules_next_dist_1e8vcs8._.js:776
[ 1537931ms] [LOG] [Fast Refresh] done in 7ms @ http://localhost:3100/_next/static/chunks/node_modules_next_dist_1e8vcs8._.js:776
[ 1537993ms] [LOG] [Fast Refresh] done in 7ms @ http://localhost:3100/_next/static/chunks/node_modules_next_dist_1e8vcs8._.js:776
[ 1538054ms] [LOG] [Fast Refresh] done in 7ms @ http://localhost:3100/_next/static/chunks/node_modules_next_dist_1e8vcs8._.js:776
[ 1538115ms] [LOG] [Fast Refresh] done in 7ms @ http://localhost:3100/_next/static/chunks/node_modules_next_dist_1e8vcs8._.js:776
[ 1538177ms] [LOG] [Fast Refresh] done in 7ms @ http://localhost:3100/_next/static/chunks/node_modules_next_dist_1e8vcs8._.js:776
[ 1538238ms] [LOG] [Fast Refresh] done in 7ms @ http://localhost:3100/_next/static/chunks/node_modules_next_dist_1e8vcs8._.js:776
[ 1538286ms] [LOG] [Fast Refresh] done in 7ms @ http://localhost:3100/_next/static/chunks/node_modules_next_dist_1e8vcs8._.js:776
[ 1538377ms] [LOG] [Fast Refresh] done in 7ms @ http://localhost:3100/_next/static/chunks/node_modules_next_dist_1e8vcs8._.js:776
[ 1538439ms] [LOG] [Fast Refresh] done in 7ms @ http://localhost:3100/_next/static/chunks/node_modules_next_dist_1e8vcs8._.js:776
[ 1538500ms] [LOG] [Fast Refresh] done in 7ms @ http://localhost:3100/_next/static/chunks/node_modules_next_dist_1e8vcs8._.js:776
[ 1538561ms] [LOG] [Fast Refresh] done in 7ms @ http://localhost:3100/_next/static/chunks/node_modules_next_dist_1e8vcs8._.js:776
[ 1538623ms] [LOG] [Fast Refresh] done in 7ms @ http://localhost:3100/_next/static/chunks/node_modules_next_dist_1e8vcs8._.js:776
[ 1538685ms] [LOG] [Fast Refresh] done in 7ms @ http://localhost:3100/_next/static/chunks/node_modules_next_dist_1e8vcs8._.js:776
[ 1538747ms] [LOG] [Fast Refresh] done in 7ms @ http://localhost:3100/_next/static/chunks/node_modules_next_dist_1e8vcs8._.js:776
[ 1538809ms] [LOG] [Fast Refresh] done in 7ms @ http://localhost:3100/_next/static/chunks/node_modules_next_dist_1e8vcs8._.js:776
[ 1538870ms] [LOG] [Fast Refresh] done in 7ms @ http://localhost:3100/_next/static/chunks/node_modules_next_dist_1e8vcs8._.js:776
[ 1538932ms] [LOG] [Fast Refresh] done in 7ms @ http://localhost:3100/_next/static/chunks/node_modules_next_dist_1e8vcs8._.js:776
[ 1538994ms] [LOG] [Fast Refresh] done in 7ms @ http://localhost:3100/_next/static/chunks/node_modules_next_dist_1e8vcs8._.js:776
[ 1539055ms] [LOG] [Fast Refresh] done in 7ms @ http://localhost:3100/_next/static/chunks/node_modules_next_dist_1e8vcs8._.js:776
[ 1539117ms] [LOG] [Fast Refresh] done in 7ms @ http://localhost:3100/_next/static/chunks/node_modules_next_dist_1e8vcs8._.js:776
[ 1539179ms] [LOG] [Fast Refresh] done in 7ms @ http://localhost:3100/_next/static/chunks/node_modules_next_dist_1e8vcs8._.js:776
[ 1539240ms] [LOG] [Fast Refresh] done in 7ms @ http://localhost:3100/_next/static/chunks/node_modules_next_dist_1e8vcs8._.js:776
[ 1539302ms] [LOG] [Fast Refresh] done in 7ms @ http://localhost:3100/_next/static/chunks/node_modules_next_dist_1e8vcs8._.js:776
[ 1539362ms] [LOG] [Fast Refresh] done in 7ms @ http://localhost:3100/_next/static/chunks/node_modules_next_dist_1e8vcs8._.js:776
[ 1539424ms] [LOG] [Fast Refresh] done in 7ms @ http://localhost:3100/_next/static/chunks/node_modules_next_dist_1e8vcs8._.js:776
[ 1539486ms] [LOG] [Fast Refresh] done in 7ms @ http://localhost:3100/_next/static/chunks/node_modules_next_dist_1e8vcs8._.js:776
[ 1539547ms] [LOG] [Fast Refresh] done in 7ms @ http://localhost:3100/_next/static/chunks/node_modules_next_dist_1e8vcs8._.js:776
[ 1539609ms] [LOG] [Fast Refresh] done in 7ms @ http://localhost:3100/_next/static/chunks/node_modules_next_dist_1e8vcs8._.js:776
[ 1539670ms] [LOG] [Fast Refresh] done in 7ms @ http://localhost:3100/_next/static/chunks/node_modules_next_dist_1e8vcs8._.js:776
[ 1539731ms] [LOG] [Fast Refresh] done in 7ms @ http://localhost:3100/_next/static/chunks/node_modules_next_dist_1e8vcs8._.js:776
[ 1539793ms] [LOG] [Fast Refresh] done in 7ms @ http://localhost:3100/_next/static/chunks/node_modules_next_dist_1e8vcs8._.js:776
[ 1539855ms] [LOG] [Fast Refresh] done in 7ms @ http://localhost:3100/_next/static/chunks/node_modules_next_dist_1e8vcs8._.js:776
[ 1539916ms] [LOG] [Fast Refresh] done in 7ms @ http://localhost:3100/_next/static/chunks/node_modules_next_dist_1e8vcs8._.js:776
[ 1539978ms] [LOG] [Fast Refresh] done in 7ms @ http://localhost:3100/_next/static/chunks/node_modules_next_dist_1e8vcs8._.js:776
[ 1540040ms] [LOG] [Fast Refresh] done in 7ms @ http://localhost:3100/_next/static/chunks/node_modules_next_dist_1e8vcs8._.js:776
[ 1540101ms] [LOG] [Fast Refresh] done in 7ms @ http://localhost:3100/_next/static/chunks/node_modules_next_dist_1e8vcs8._.js:776
[ 1540163ms] [LOG] [Fast Refresh] done in 7ms @ http://localhost:3100/_next/static/chunks/node_modules_next_dist_1e8vcs8._.js:776
[ 1540224ms] [LOG] [Fast Refresh] done in 7ms @ http://localhost:3100/_next/static/chunks/node_modules_next_dist_1e8vcs8._.js:776
[ 1540285ms] [LOG] [Fast Refresh] done in 7ms @ http://localhost:3100/_next/static/chunks/node_modules_next_dist_1e8vcs8._.js:776
[ 1540347ms] [LOG] [Fast Refresh] done in 7ms @ http://localhost:3100/_next/static/chunks/node_modules_next_dist_1e8vcs8._.js:776
[ 1540517ms] [LOG] [Fast Refresh] done in 7ms @ http://localhost:3100/_next/static/chunks/node_modules_next_dist_1e8vcs8._.js:776
[ 1540578ms] [LOG] [Fast Refresh] done in 7ms @ http://localhost:3100/_next/static/chunks/node_modules_next_dist_1e8vcs8._.js:776
[ 1540639ms] [LOG] [Fast Refresh] done in 7ms @ http://localhost:3100/_next/static/chunks/node_modules_next_dist_1e8vcs8._.js:776
[ 1540700ms] [LOG] [Fast Refresh] done in 7ms @ http://localhost:3100/_next/static/chunks/node_modules_next_dist_1e8vcs8._.js:776
[ 1540762ms] [LOG] [Fast Refresh] done in 7ms @ http://localhost:3100/_next/static/chunks/node_modules_next_dist_1e8vcs8._.js:776
[ 1540824ms] [LOG] [Fast Refresh] done in 7ms @ http://localhost:3100/_next/static/chunks/node_modules_next_dist_1e8vcs8._.js:776
[ 1540886ms] [LOG] [Fast Refresh] done in 7ms @ http://localhost:3100/_next/static/chunks/node_modules_next_dist_1e8vcs8._.js:776
[ 1540948ms] [LOG] [Fast Refresh] done in 7ms @ http://localhost:3100/_next/static/chunks/node_modules_next_dist_1e8vcs8._.js:776
[ 1541009ms] [LOG] [Fast Refresh] done in 7ms @ http://localhost:3100/_next/static/chunks/node_modules_next_dist_1e8vcs8._.js:776
[ 1541072ms] [LOG] [Fast Refresh] done in 7ms @ http://localhost:3100/_next/static/chunks/node_modules_next_dist_1e8vcs8._.js:776
[ 1541132ms] [LOG] [Fast Refresh] done in 7ms @ http://localhost:3100/_next/static/chunks/node_modules_next_dist_1e8vcs8._.js:776
[ 1541193ms] [LOG] [Fast Refresh] done in 7ms @ http://localhost:3100/_next/static/chunks/node_modules_next_dist_1e8vcs8._.js:776
[ 1541285ms] [LOG] [Fast Refresh] done in 7ms @ http://localhost:3100/_next/static/chunks/node_modules_next_dist_1e8vcs8._.js:776
[ 1541378ms] [LOG] [Fast Refresh] done in 7ms @ http://localhost:3100/_next/static/chunks/node_modules_next_dist_1e8vcs8._.js:776
[ 1541440ms] [LOG] [Fast Refresh] done in 7ms @ http://localhost:3100/_next/static/chunks/node_modules_next_dist_1e8vcs8._.js:776
[ 1541502ms] [LOG] [Fast Refresh] done in 7ms @ http://localhost:3100/_next/static/chunks/node_modules_next_dist_1e8vcs8._.js:776
[ 1541563ms] [LOG] [Fast Refresh] done in 7ms @ http://localhost:3100/_next/static/chunks/node_modules_next_dist_1e8vcs8._.js:776
[ 1541624ms] [LOG] [Fast Refresh] done in 7ms @ http://localhost:3100/_next/static/chunks/node_modules_next_dist_1e8vcs8._.js:776
[ 1541686ms] [LOG] [Fast Refresh] done in 7ms @ http://localhost:3100/_next/static/chunks/node_modules_next_dist_1e8vcs8._.js:776
[ 1541747ms] [LOG] [Fast Refresh] done in 7ms @ http://localhost:3100/_next/static/chunks/node_modules_next_dist_1e8vcs8._.js:776
[ 1541809ms] [LOG] [Fast Refresh] done in 7ms @ http://localhost:3100/_next/static/chunks/node_modules_next_dist_1e8vcs8._.js:776
[ 1541870ms] [LOG] [Fast Refresh] done in 7ms @ http://localhost:3100/_next/static/chunks/node_modules_next_dist_1e8vcs8._.js:776
[ 1541931ms] [LOG] [Fast Refresh] done in 7ms @ http://localhost:3100/_next/static/chunks/node_modules_next_dist_1e8vcs8._.js:776
[ 1541993ms] [LOG] [Fast Refresh] done in 7ms @ http://localhost:3100/_next/static/chunks/node_modules_next_dist_1e8vcs8._.js:776
[ 1542054ms] [LOG] [Fast Refresh] done in 7ms @ http://localhost:3100/_next/static/chunks/node_modules_next_dist_1e8vcs8._.js:776
[ 1542116ms] [LOG] [Fast Refresh] done in 7ms @ http://localhost:3100/_next/static/chunks/node_modules_next_dist_1e8vcs8._.js:776
[ 1542177ms] [LOG] [Fast Refresh] done in 7ms @ http://localhost:3100/_next/static/chunks/node_modules_next_dist_1e8vcs8._.js:776
[ 1542239ms] [LOG] [Fast Refresh] done in 7ms @ http://localhost:3100/_next/static/chunks/node_modules_next_dist_1e8vcs8._.js:776
[ 1542301ms] [LOG] [Fast Refresh] done in 7ms @ http://localhost:3100/_next/static/chunks/node_modules_next_dist_1e8vcs8._.js:776
[ 1542362ms] [LOG] [Fast Refresh] done in 7ms @ http://localhost:3100/_next/static/chunks/node_modules_next_dist_1e8vcs8._.js:776
[ 1542423ms] [LOG] [Fast Refresh] done in 7ms @ http://localhost:3100/_next/static/chunks/node_modules_next_dist_1e8vcs8._.js:776
[ 1542485ms] [LOG] [Fast Refresh] done in 7ms @ http://localhost:3100/_next/static/chunks/node_modules_next_dist_1e8vcs8._.js:776
[ 1542546ms] [LOG] [Fast Refresh] done in 7ms @ http://localhost:3100/_next/static/chunks/node_modules_next_dist_1e8vcs8._.js:776
[ 1542609ms] [LOG] [Fast Refresh] done in 7ms @ http://localhost:3100/_next/static/chunks/node_modules_next_dist_1e8vcs8._.js:776
[ 1542668ms] [LOG] [Fast Refresh] done in 7ms @ http://localhost:3100/_next/static/chunks/node_modules_next_dist_1e8vcs8._.js:776
[ 1542730ms] [LOG] [Fast Refresh] done in 7ms @ http://localhost:3100/_next/static/chunks/node_modules_next_dist_1e8vcs8._.js:776
[ 1542791ms] [LOG] [Fast Refresh] done in 7ms @ http://localhost:3100/_next/static/chunks/node_modules_next_dist_1e8vcs8._.js:776
[ 1542852ms] [LOG] [Fast Refresh] done in 7ms @ http://localhost:3100/_next/static/chunks/node_modules_next_dist_1e8vcs8._.js:776
[ 1542913ms] [LOG] [Fast Refresh] done in 7ms @ http://localhost:3100/_next/static/chunks/node_modules_next_dist_1e8vcs8._.js:776
[ 1542976ms] [LOG] [Fast Refresh] done in 7ms @ http://localhost:3100/_next/static/chunks/node_modules_next_dist_1e8vcs8._.js:776
[ 1543037ms] [LOG] [Fast Refresh] done in 7ms @ http://localhost:3100/_next/static/chunks/node_modules_next_dist_1e8vcs8._.js:776
[ 1543097ms] [LOG] [Fast Refresh] done in 7ms @ http://localhost:3100/_next/static/chunks/node_modules_next_dist_1e8vcs8._.js:776
[ 1543159ms] [LOG] [Fast Refresh] done in 7ms @ http://localhost:3100/_next/static/chunks/node_modules_next_dist_1e8vcs8._.js:776
[ 1543220ms] [LOG] [Fast Refresh] done in 7ms @ http://localhost:3100/_next/static/chunks/node_modules_next_dist_1e8vcs8._.js:776
[ 1543281ms] [LOG] [Fast Refresh] done in 7ms @ http://localhost:3100/_next/static/chunks/node_modules_next_dist_1e8vcs8._.js:776
[ 1543344ms] [LOG] [Fast Refresh] done in 7ms @ http://localhost:3100/_next/static/chunks/node_modules_next_dist_1e8vcs8._.js:776
[ 1543405ms] [LOG] [Fast Refresh] done in 7ms @ http://localhost:3100/_next/static/chunks/node_modules_next_dist_1e8vcs8._.js:776
[ 1543466ms] [LOG] [Fast Refresh] done in 7ms @ http://localhost:3100/_next/static/chunks/node_modules_next_dist_1e8vcs8._.js:776
[ 1543528ms] [LOG] [Fast Refresh] done in 7ms @ http://localhost:3100/_next/static/chunks/node_modules_next_dist_1e8vcs8._.js:776
[ 1543590ms] [LOG] [Fast Refresh] done in 7ms @ http://localhost:3100/_next/static/chunks/node_modules_next_dist_1e8vcs8._.js:776
[ 1543651ms] [LOG] [Fast Refresh] done in 7ms @ http://localhost:3100/_next/static/chunks/node_modules_next_dist_1e8vcs8._.js:776
[ 1543712ms] [LOG] [Fast Refresh] done in 7ms @ http://localhost:3100/_next/static/chunks/node_modules_next_dist_1e8vcs8._.js:776
[ 1543775ms] [LOG] [Fast Refresh] done in 7ms @ http://localhost:3100/_next/static/chunks/node_modules_next_dist_1e8vcs8._.js:776
[ 1543837ms] [LOG] [Fast Refresh] done in 7ms @ http://localhost:3100/_next/static/chunks/node_modules_next_dist_1e8vcs8._.js:776
[ 1543898ms] [LOG] [Fast Refresh] done in 7ms @ http://localhost:3100/_next/static/chunks/node_modules_next_dist_1e8vcs8._.js:776
[ 1543960ms] [LOG] [Fast Refresh] done in 7ms @ http://localhost:3100/_next/static/chunks/node_modules_next_dist_1e8vcs8._.js:776
[ 1544022ms] [LOG] [Fast Refresh] done in 7ms @ http://localhost:3100/_next/static/chunks/node_modules_next_dist_1e8vcs8._.js:776
[ 1544083ms] [LOG] [Fast Refresh] done in 7ms @ http://localhost:3100/_next/static/chunks/node_modules_next_dist_1e8vcs8._.js:776
[ 1544145ms] [LOG] [Fast Refresh] done in 7ms @ http://localhost:3100/_next/static/chunks/node_modules_next_dist_1e8vcs8._.js:776
[ 1544207ms] [LOG] [Fast Refresh] done in 7ms @ http://localhost:3100/_next/static/chunks/node_modules_next_dist_1e8vcs8._.js:776
[ 1544283ms] [LOG] [Fast Refresh] done in 7ms @ http://localhost:3100/_next/static/chunks/node_modules_next_dist_1e8vcs8._.js:776
[ 1544346ms] [LOG] [Fast Refresh] done in 7ms @ http://localhost:3100/_next/static/chunks/node_modules_next_dist_1e8vcs8._.js:776
[ 1544408ms] [LOG] [Fast Refresh] done in 7ms @ http://localhost:3100/_next/static/chunks/node_modules_next_dist_1e8vcs8._.js:776
[ 1544471ms] [LOG] [Fast Refresh] done in 7ms @ http://localhost:3100/_next/static/chunks/node_modules_next_dist_1e8vcs8._.js:776
[ 1544532ms] [LOG] [Fast Refresh] done in 7ms @ http://localhost:3100/_next/static/chunks/node_modules_next_dist_1e8vcs8._.js:776
[ 1544595ms] [LOG] [Fast Refresh] done in 7ms @ http://localhost:3100/_next/static/chunks/node_modules_next_dist_1e8vcs8._.js:776
[ 1544658ms] [LOG] [Fast Refresh] done in 7ms @ http://localhost:3100/_next/static/chunks/node_modules_next_dist_1e8vcs8._.js:776
[ 1544720ms] [LOG] [Fast Refresh] done in 7ms @ http://localhost:3100/_next/static/chunks/node_modules_next_dist_1e8vcs8._.js:776
[ 1544780ms] [LOG] [Fast Refresh] done in 7ms @ http://localhost:3100/_next/static/chunks/node_modules_next_dist_1e8vcs8._.js:776
[ 1544843ms] [LOG] [Fast Refresh] done in 7ms @ http://localhost:3100/_next/static/chunks/node_modules_next_dist_1e8vcs8._.js:776
[ 1544908ms] [LOG] [Fast Refresh] done in 7ms @ http://localhost:3100/_next/static/chunks/node_modules_next_dist_1e8vcs8._.js:776
[ 1544967ms] [LOG] [Fast Refresh] done in 7ms @ http://localhost:3100/_next/static/chunks/node_modules_next_dist_1e8vcs8._.js:776
[ 1545027ms] [LOG] [Fast Refresh] done in 7ms @ http://localhost:3100/_next/static/chunks/node_modules_next_dist_1e8vcs8._.js:776
[ 1545089ms] [LOG] [Fast Refresh] done in 7ms @ http://localhost:3100/_next/static/chunks/node_modules_next_dist_1e8vcs8._.js:776
[ 1545151ms] [LOG] [Fast Refresh] done in 7ms @ http://localhost:3100/_next/static/chunks/node_modules_next_dist_1e8vcs8._.js:776
[ 1545212ms] [LOG] [Fast Refresh] done in 7ms @ http://localhost:3100/_next/static/chunks/node_modules_next_dist_1e8vcs8._.js:776
[ 1545273ms] [LOG] [Fast Refresh] done in 7ms @ http://localhost:3100/_next/static/chunks/node_modules_next_dist_1e8vcs8._.js:776
[ 1545335ms] [LOG] [Fast Refresh] done in 7ms @ http://localhost:3100/_next/static/chunks/node_modules_next_dist_1e8vcs8._.js:776
[ 1545427ms] [LOG] [Fast Refresh] done in 7ms @ http://localhost:3100/_next/static/chunks/node_modules_next_dist_1e8vcs8._.js:776
[ 1545488ms] [LOG] [Fast Refresh] done in 7ms @ http://localhost:3100/_next/static/chunks/node_modules_next_dist_1e8vcs8._.js:776
[ 1545550ms] [LOG] [Fast Refresh] done in 7ms @ http://localhost:3100/_next/static/chunks/node_modules_next_dist_1e8vcs8._.js:776
[ 1545612ms] [LOG] [Fast Refresh] done in 7ms @ http://localhost:3100/_next/static/chunks/node_modules_next_dist_1e8vcs8._.js:776
[ 1545673ms] [LOG] [Fast Refresh] done in 7ms @ http://localhost:3100/_next/static/chunks/node_modules_next_dist_1e8vcs8._.js:776
[ 1545734ms] [LOG] [Fast Refresh] done in 7ms @ http://localhost:3100/_next/static/chunks/node_modules_next_dist_1e8vcs8._.js:776
[ 1545804ms] [LOG] [Fast Refresh] done in 7ms @ http://localhost:3100/_next/static/chunks/node_modules_next_dist_1e8vcs8._.js:776
[ 1545873ms] [LOG] [Fast Refresh] done in 7ms @ http://localhost:3100/_next/static/chunks/node_modules_next_dist_1e8vcs8._.js:776
[ 1545935ms] [LOG] [Fast Refresh] done in 7ms @ http://localhost:3100/_next/static/chunks/node_modules_next_dist_1e8vcs8._.js:776
[ 1545997ms] [LOG] [Fast Refresh] done in 7ms @ http://localhost:3100/_next/static/chunks/node_modules_next_dist_1e8vcs8._.js:776
[ 1546059ms] [LOG] [Fast Refresh] done in 7ms @ http://localhost:3100/_next/static/chunks/node_modules_next_dist_1e8vcs8._.js:776
[ 1546119ms] [LOG] [Fast Refresh] done in 7ms @ http://localhost:3100/_next/static/chunks/node_modules_next_dist_1e8vcs8._.js:776
[ 1546181ms] [LOG] [Fast Refresh] done in 7ms @ http://localhost:3100/_next/static/chunks/node_modules_next_dist_1e8vcs8._.js:776
[ 1546242ms] [LOG] [Fast Refresh] done in 7ms @ http://localhost:3100/_next/static/chunks/node_modules_next_dist_1e8vcs8._.js:776
[ 1546304ms] [LOG] [Fast Refresh] done in 7ms @ http://localhost:3100/_next/static/chunks/node_modules_next_dist_1e8vcs8._.js:776
[ 1546365ms] [LOG] [Fast Refresh] done in 7ms @ http://localhost:3100/_next/static/chunks/node_modules_next_dist_1e8vcs8._.js:776
[ 1546427ms] [LOG] [Fast Refresh] done in 7ms @ http://localhost:3100/_next/static/chunks/node_modules_next_dist_1e8vcs8._.js:776
[ 1546488ms] [LOG] [Fast Refresh] done in 7ms @ http://localhost:3100/_next/static/chunks/node_modules_next_dist_1e8vcs8._.js:776
[ 1546550ms] [LOG] [Fast Refresh] done in 7ms @ http://localhost:3100/_next/static/chunks/node_modules_next_dist_1e8vcs8._.js:776
[ 1546612ms] [LOG] [Fast Refresh] done in 7ms @ http://localhost:3100/_next/static/chunks/node_modules_next_dist_1e8vcs8._.js:776
[ 1546673ms] [LOG] [Fast Refresh] done in 7ms @ http://localhost:3100/_next/static/chunks/node_modules_next_dist_1e8vcs8._.js:776
[ 1546735ms] [LOG] [Fast Refresh] done in 7ms @ http://localhost:3100/_next/static/chunks/node_modules_next_dist_1e8vcs8._.js:776
[ 1546796ms] [LOG] [Fast Refresh] done in 7ms @ http://localhost:3100/_next/static/chunks/node_modules_next_dist_1e8vcs8._.js:776
[ 1546857ms] [LOG] [Fast Refresh] done in 7ms @ http://localhost:3100/_next/static/chunks/node_modules_next_dist_1e8vcs8._.js:776
[ 1546919ms] [LOG] [Fast Refresh] done in 7ms @ http://localhost:3100/_next/static/chunks/node_modules_next_dist_1e8vcs8._.js:776
[ 1546980ms] [LOG] [Fast Refresh] done in 7ms @ http://localhost:3100/_next/static/chunks/node_modules_next_dist_1e8vcs8._.js:776
[ 1547041ms] [LOG] [Fast Refresh] done in 7ms @ http://localhost:3100/_next/static/chunks/node_modules_next_dist_1e8vcs8._.js:776
[ 1547103ms] [LOG] [Fast Refresh] done in 7ms @ http://localhost:3100/_next/static/chunks/node_modules_next_dist_1e8vcs8._.js:776
[ 1547164ms] [LOG] [Fast Refresh] done in 7ms @ http://localhost:3100/_next/static/chunks/node_modules_next_dist_1e8vcs8._.js:776
[ 1547225ms] [LOG] [Fast Refresh] done in 7ms @ http://localhost:3100/_next/static/chunks/node_modules_next_dist_1e8vcs8._.js:776
[ 1547286ms] [LOG] [Fast Refresh] done in 7ms @ http://localhost:3100/_next/static/chunks/node_modules_next_dist_1e8vcs8._.js:776
[ 1547347ms] [LOG] [Fast Refresh] done in 7ms @ http://localhost:3100/_next/static/chunks/node_modules_next_dist_1e8vcs8._.js:776
[ 1547409ms] [LOG] [Fast Refresh] done in 7ms @ http://localhost:3100/_next/static/chunks/node_modules_next_dist_1e8vcs8._.js:776
[ 1547470ms] [LOG] [Fast Refresh] done in 7ms @ http://localhost:3100/_next/static/chunks/node_modules_next_dist_1e8vcs8._.js:776
[ 1547531ms] [LOG] [Fast Refresh] done in 7ms @ http://localhost:3100/_next/static/chunks/node_modules_next_dist_1e8vcs8._.js:776
[ 1547592ms] [LOG] [Fast Refresh] done in 7ms @ http://localhost:3100/_next/static/chunks/node_modules_next_dist_1e8vcs8._.js:776
[ 1547653ms] [LOG] [Fast Refresh] done in 7ms @ http://localhost:3100/_next/static/chunks/node_modules_next_dist_1e8vcs8._.js:776
[ 1547716ms] [LOG] [Fast Refresh] done in 7ms @ http://localhost:3100/_next/static/chunks/node_modules_next_dist_1e8vcs8._.js:776
[ 1547777ms] [LOG] [Fast Refresh] done in 7ms @ http://localhost:3100/_next/static/chunks/node_modules_next_dist_1e8vcs8._.js:776
[ 1547838ms] [LOG] [Fast Refresh] done in 7ms @ http://localhost:3100/_next/static/chunks/node_modules_next_dist_1e8vcs8._.js:776
[ 1547900ms] [LOG] [Fast Refresh] done in 7ms @ http://localhost:3100/_next/static/chunks/node_modules_next_dist_1e8vcs8._.js:776
[ 1547962ms] [LOG] [Fast Refresh] done in 7ms @ http://localhost:3100/_next/static/chunks/node_modules_next_dist_1e8vcs8._.js:776
[ 1548023ms] [LOG] [Fast Refresh] done in 7ms @ http://localhost:3100/_next/static/chunks/node_modules_next_dist_1e8vcs8._.js:776
[ 1548084ms] [LOG] [Fast Refresh] done in 7ms @ http://localhost:3100/_next/static/chunks/node_modules_next_dist_1e8vcs8._.js:776
[ 1548145ms] [LOG] [Fast Refresh] done in 7ms @ http://localhost:3100/_next/static/chunks/node_modules_next_dist_1e8vcs8._.js:776
[ 1548207ms] [LOG] [Fast Refresh] done in 7ms @ http://localhost:3100/_next/static/chunks/node_modules_next_dist_1e8vcs8._.js:776
[ 1548268ms] [LOG] [Fast Refresh] done in 7ms @ http://localhost:3100/_next/static/chunks/node_modules_next_dist_1e8vcs8._.js:776
[ 1548330ms] [LOG] [Fast Refresh] done in 7ms @ http://localhost:3100/_next/static/chunks/node_modules_next_dist_1e8vcs8._.js:776
[ 1548391ms] [LOG] [Fast Refresh] done in 7ms @ http://localhost:3100/_next/static/chunks/node_modules_next_dist_1e8vcs8._.js:776
[ 1548452ms] [LOG] [Fast Refresh] done in 7ms @ http://localhost:3100/_next/static/chunks/node_modules_next_dist_1e8vcs8._.js:776
[ 1548514ms] [LOG] [Fast Refresh] done in 7ms @ http://localhost:3100/_next/static/chunks/node_modules_next_dist_1e8vcs8._.js:776
[ 1548575ms] [LOG] [Fast Refresh] done in 7ms @ http://localhost:3100/_next/static/chunks/node_modules_next_dist_1e8vcs8._.js:776
[ 1548637ms] [LOG] [Fast Refresh] done in 7ms @ http://localhost:3100/_next/static/chunks/node_modules_next_dist_1e8vcs8._.js:776
[ 1548698ms] [LOG] [Fast Refresh] done in 7ms @ http://localhost:3100/_next/static/chunks/node_modules_next_dist_1e8vcs8._.js:776
[ 1548759ms] [LOG] [Fast Refresh] done in 7ms @ http://localhost:3100/_next/static/chunks/node_modules_next_dist_1e8vcs8._.js:776
[ 1548821ms] [LOG] [Fast Refresh] done in 7ms @ http://localhost:3100/_next/static/chunks/node_modules_next_dist_1e8vcs8._.js:776
[ 1548882ms] [LOG] [Fast Refresh] done in 7ms @ http://localhost:3100/_next/static/chunks/node_modules_next_dist_1e8vcs8._.js:776
[ 1548943ms] [LOG] [Fast Refresh] done in 7ms @ http://localhost:3100/_next/static/chunks/node_modules_next_dist_1e8vcs8._.js:776
[ 1549005ms] [LOG] [Fast Refresh] done in 7ms @ http://localhost:3100/_next/static/chunks/node_modules_next_dist_1e8vcs8._.js:776
[ 1549066ms] [LOG] [Fast Refresh] done in 7ms @ http://localhost:3100/_next/static/chunks/node_modules_next_dist_1e8vcs8._.js:776
[ 1549128ms] [LOG] [Fast Refresh] done in 7ms @ http://localhost:3100/_next/static/chunks/node_modules_next_dist_1e8vcs8._.js:776
[ 1549189ms] [LOG] [Fast Refresh] done in 7ms @ http://localhost:3100/_next/static/chunks/node_modules_next_dist_1e8vcs8._.js:776
[ 1549250ms] [LOG] [Fast Refresh] done in 7ms @ http://localhost:3100/_next/static/chunks/node_modules_next_dist_1e8vcs8._.js:776
[ 1549312ms] [LOG] [Fast Refresh] done in 7ms @ http://localhost:3100/_next/static/chunks/node_modules_next_dist_1e8vcs8._.js:776
[ 1549373ms] [LOG] [Fast Refresh] done in 7ms @ http://localhost:3100/_next/static/chunks/node_modules_next_dist_1e8vcs8._.js:776
[ 1549435ms] [LOG] [Fast Refresh] done in 7ms @ http://localhost:3100/_next/static/chunks/node_modules_next_dist_1e8vcs8._.js:776
[ 1549496ms] [LOG] [Fast Refresh] done in 7ms @ http://localhost:3100/_next/static/chunks/node_modules_next_dist_1e8vcs8._.js:776
[ 1549557ms] [LOG] [Fast Refresh] done in 7ms @ http://localhost:3100/_next/static/chunks/node_modules_next_dist_1e8vcs8._.js:776
[ 1549619ms] [LOG] [Fast Refresh] done in 7ms @ http://localhost:3100/_next/static/chunks/node_modules_next_dist_1e8vcs8._.js:776
[ 1549680ms] [LOG] [Fast Refresh] done in 7ms @ http://localhost:3100/_next/static/chunks/node_modules_next_dist_1e8vcs8._.js:776
[ 1549741ms] [LOG] [Fast Refresh] done in 7ms @ http://localhost:3100/_next/static/chunks/node_modules_next_dist_1e8vcs8._.js:776
[ 1549802ms] [LOG] [Fast Refresh] done in 7ms @ http://localhost:3100/_next/static/chunks/node_modules_next_dist_1e8vcs8._.js:776
[ 1549864ms] [LOG] [Fast Refresh] done in 7ms @ http://localhost:3100/_next/static/chunks/node_modules_next_dist_1e8vcs8._.js:776
[ 1549925ms] [LOG] [Fast Refresh] done in 7ms @ http://localhost:3100/_next/static/chunks/node_modules_next_dist_1e8vcs8._.js:776
[ 1549987ms] [LOG] [Fast Refresh] done in 7ms @ http://localhost:3100/_next/static/chunks/node_modules_next_dist_1e8vcs8._.js:776
[ 1550048ms] [LOG] [Fast Refresh] done in 7ms @ http://localhost:3100/_next/static/chunks/node_modules_next_dist_1e8vcs8._.js:776
[ 1550109ms] [LOG] [Fast Refresh] done in 7ms @ http://localhost:3100/_next/static/chunks/node_modules_next_dist_1e8vcs8._.js:776
[ 1550170ms] [LOG] [Fast Refresh] done in 7ms @ http://localhost:3100/_next/static/chunks/node_modules_next_dist_1e8vcs8._.js:776
[ 1550231ms] [LOG] [Fast Refresh] done in 7ms @ http://localhost:3100/_next/static/chunks/node_modules_next_dist_1e8vcs8._.js:776
[ 1550292ms] [LOG] [Fast Refresh] done in 7ms @ http://localhost:3100/_next/static/chunks/node_modules_next_dist_1e8vcs8._.js:776
[ 1550353ms] [LOG] [Fast Refresh] done in 7ms @ http://localhost:3100/_next/static/chunks/node_modules_next_dist_1e8vcs8._.js:776
[ 1550415ms] [LOG] [Fast Refresh] done in 7ms @ http://localhost:3100/_next/static/chunks/node_modules_next_dist_1e8vcs8._.js:776
[ 1550478ms] [LOG] [Fast Refresh] done in 7ms @ http://localhost:3100/_next/static/chunks/node_modules_next_dist_1e8vcs8._.js:776
[ 1550674ms] [WARNING] GSAP target  not found. https://gsap.com @ http://localhost:3200/_next/static/chunks/2rhmc5jz3t0d8.js:0
